,Id,Name,Lat,Lng,Distance
0,0.0,SH 20,15.8664688,74.5178775,0.0
1,1.0,,15.866776862639444,74.51700081782681,99.82962748563624
2,2.0,,15.866554890909368,74.5178864355376,97.88718849603576
3,3.0,,15.8664348,74.5182355,39.65161029732686
4,4.0,,15.866188323585035,74.5191148841906,97.96937656329999
5,5.0,,15.865937315128606,74.5200117675079,99.90742737598421
6,6.0,,15.865487283451914,74.52080269334917,98.28892091524745
7,7.0,,15.864928213562969,74.52153409733614,99.92284822571749
8,8.0,,15.864336773678689,74.52223280879143,99.54998394212372
9,9.0,,15.863744969883832,74.52292578365261,99.11720903025862
10,10.0,,15.863121457004754,74.52359353624547,99.53937932568894
11,11.0,,15.862881784090993,74.52447352991216,97.8246478224537
12,12.0,,15.86268927111834,74.52536469535275,97.69363906834649
13,13.0,,15.862316115893348,74.52619109675835,97.64676620490437
14,14.0,,15.862261696159159,74.52712307179128,99.86827278413013
15,15.0,,15.862217591997299,74.52805341995293,99.63156237636662
16,16.0,,15.862159262803925,74.52897775589283,99.08025919240487
17,17.0,,15.86201553212639,74.52989676524412,99.58883542364734
18,18.0,,15.861812602882283,74.53080358185794,99.58413848502309
19,19.0,,15.86099941803497,74.53113516113808,97.12872943483303
20,20.0,,15.860129935414447,74.53136713699581,99.81523778830034
21,21.0,,15.859267505534183,74.53161298988806,99.43803663124724
22,22.0,,15.858411860368799,74.53187339725626,99.13679387216885
23,23.0,,15.85756171315426,74.53215328502311,99.15933082419748
24,24.0,,15.856707950082686,74.53242644834252,99.32879138064938
25,25.0,,15.855882661478962,74.53277805141828,99.17547417183063
26,26.0,,15.855197155340182,74.53327284918257,92.79737815709557
27,27.0,,15.855969704340708,74.53367392810404,96.02043678730386
28,28.0,,15.856836919883506,74.53386630029001,98.60094745616541
29,29.0,,15.857635159920225,74.53426908903128,98.66399505243321
30,30.0,,15.857919026947885,74.53513413760726,97.76408486207715
31,31.0,,15.85804951146139,74.5360512798482,99.16750959004521
32,32.0,,15.858141037675326,74.53697216181432,99.02467417205453
33,33.0,,15.858186185718766,74.53789965643715,99.33451792692505
34,34.0,,15.85824847021966,74.5388282491371,99.56617109337142
35,35.0,,15.858309347611137,74.53975995987452,99.8881248258903
36,36.0,,15.85837014524636,74.54069045523006,99.75779195256496
37,37.0,,15.858431019955036,74.54162217062716,99.8885418958877
38,38.0,,15.858501100436259,74.5425474679473,99.27870150440509
39,39.0,,15.858569707757145,74.54347714659205,99.73320340775115
40,40.0,,15.858628132428896,74.54440471870909,99.4281188400482
41,41.0,,15.858612911425364,74.54533117801675,99.11106628186818
42,42.0,,15.858543654627189,74.5462604118721,99.69129865955877
43,43.0,,15.858440651792078,74.54718204226675,99.24328063618897
44,44.0,,15.858332913712093,74.54810345383989,99.28224024985602
45,45.0,,15.858284637976352,74.54903538351144,99.82632629869458
46,46.0,,15.858262766433882,74.54996440307642,99.40039306603306
47,47.0,,15.85822174006869,74.55088981928824,99.09029401165124
48,48.0,,15.858151176905388,74.55182168746299,99.98372070797298
49,49.0,,15.85807879868852,74.55275251256319,99.88858855486212
50,50.0,,15.858005326913716,74.55367994433756,99.53675496514079
51,51.0,,15.857930147425346,74.55460873413422,99.69730277156944
52,52.0,,15.857863792391912,74.5555331887005,99.15742986941483
53,53.0,,15.857797049221457,74.5564559550652,98.98061524073827
54,54.0,,15.857738491822674,74.5573818597752,99.25152457757972
55,55.0,,15.85774780546595,74.55830769422876,99.03562370336414
56,56.0,,15.857861965744071,74.55923320827269,99.80645380576635
57,57.0,,15.857995701277865,74.56015559156766,99.7753741411134
58,58.0,,15.858135709893137,74.5610786518807,99.95318298783512
59,59.0,,15.858269621388494,74.5619991361883,99.5773176215423
60,60.0,,15.858407490753269,74.56291472870508,99.12703413414697
61,61.0,,15.85848150158108,74.5638367540769,98.96520255639665
62,62.0,,15.858457651081956,74.5647669790939,99.53481661129497
63,63.0,,15.8584012601001,74.56569789785672,99.77093914474351
64,64.0,,15.858337275919558,74.56662133985937,99.02990379502923
65,65.0,,15.85827245494601,74.56755178624168,99.78390042725881
66,66.0,,15.858210801116499,74.56848040425848,99.56400727673433
67,67.0,,15.858208596022303,74.56940544884273,98.94579668375674
68,68.0,,15.858333315309753,74.57032246164204,99.06189783632979
69,69.0,,15.858513130057824,74.57123663225528,99.80557756183843
70,70.0,,15.858703098787212,74.57214975968363,99.92873455406333
71,71.0,,15.858909284911062,74.57305786709577,99.80264603718327
72,72.0,,15.859174578692423,74.57394177236147,99.03996228424616
73,73.0,,15.85944552928847,74.5748283282906,99.4991853294898
74,74.0,,15.859748153263203,74.57569853324664,98.9749862823431
75,75.0,,15.860102150258902,74.57655718491982,99.92287220560826
76,76.0,,15.860447489156444,74.57741720238877,99.68220451524373
77,77.0,,15.860806922104095,74.57827270537686,99.85350659368734
78,78.0,,15.861252634456855,74.57907979206823,99.54228712008893
79,79.0,,15.861769722442043,74.57983431496191,99.09194293331117
80,80.0,,15.862315916639634,74.5805681788504,99.24740564468154
81,81.0,,15.862877616408015,74.58129028255932,99.33037707570031
82,82.0,,15.863439260786375,74.58200989407459,99.1191964545376
83,83.0,,15.863997194090057,74.58274157322212,99.86778460982852
84,84.0,,15.864521751354275,74.58349883402298,99.81276124319724
85,85.0,,15.8649107798614,74.58433354671885,99.20812726088963
86,86.0,,15.865263213767228,74.5851909354126,99.72813473548443
87,87.0,,15.865599113067283,74.5860524075257,99.42458024520884
88,88.0,,15.865939050701098,74.58691042371477,99.25211075444477
89,89.0,,15.866281028432669,74.58777158976882,99.64991045237254
90,90.0,,15.866623970738582,74.58863431630402,99.84497743990318
91,91.0,,15.866975752479286,74.5894917136568,99.69979598451451
92,92.0,,15.867299123284415,74.59036025953449,99.61414988500405
93,93.0,,15.867497007114261,74.59126630862151,99.3758872957413
94,94.0,,15.867624570812758,74.59218724827947,99.51790090314411
95,95.0,,15.867629980285917,74.59312000075037,99.76710463331456
96,96.0,,15.867644893824208,74.59405101123093,99.5927737482659
97,97.0,,15.867782739808186,74.59497246670585,99.74172730930631
98,98.0,,15.867934937225037,74.59588780326365,99.35436163514666
99,99.0,,15.868074118833873,74.59680589453154,99.40906137588247
100,100.0,,15.868138296725851,74.59773332494177,99.45218272300382
101,101.0,,15.868227066563064,74.59866184400822,99.80154879550172
102,102.0,,15.86837981477824,74.59957801945902,99.45300616736456
103,103.0,,15.86871618383556,74.60043889015141,99.38329459994267
104,104.0,,15.869093865631385,74.60128025536125,99.30716041593666
105,105.0,,15.86945478466137,74.60213208741128,99.55672383931605
106,106.0,,15.869677988362874,74.60301917898569,98.07300163452828
107,107.0,,15.869439062939565,74.60390770300259,98.67747233882359
108,108.0,,15.86917589336508,74.60479068272528,98.87070512450371
109,109.0,,15.868991104650279,74.60570296344419,99.71498012696287
110,110.0,,15.868801939074183,74.60661593168713,99.88837806663271
111,111.0,,15.868617377177003,74.60753016793603,99.91465268182026
112,112.0,,15.868427740371361,74.60843943593746,99.51278579267813
113,113.0,,15.868236814472507,74.60934579100618,99.23897804478368
114,114.0,,15.868032520776048,74.61024844075051,99.18182866248837
115,115.0,,15.867825607122755,74.61115508465048,99.66467212564801
116,116.0,,15.867598657957668,74.61205547163047,99.55501106929707
117,117.0,,15.867353049138574,74.61295437598795,99.9486338739483
118,118.0,,15.867212453789893,74.61386880451128,99.04713455386836
119,119.0,,15.86730611343158,74.61479150323333,99.23812617755645
120,120.0,,15.867448307473648,74.61570851250623,99.34780736702736
121,121.0,,15.867770865161742,74.6165757812283,99.45392447228515
122,122.0,,15.868219080699216,74.61738554309746,99.92647871727722
123,123.0,,15.868667528273544,74.61818703613932,99.17370721141829
124,124.0,,15.869108841642499,74.61899420592935,99.30445537657252
125,125.0,,15.8695237777568,74.61981710249837,99.37482775076548
126,126.0,,15.869910040250135,74.62065760253977,99.63057325149713
127,127.0,,15.870280328228274,74.62150345231662,99.39816555726371
128,128.0,,15.87068114918138,74.62233925217771,99.8886223072945
129,129.0,,15.871121973821824,74.62314709731749,99.33968275999248
130,130.0,,15.871529724700391,74.62397721622845,99.692964075381
131,131.0,,15.87181638932202,74.62485162098172,98.80559408271759
132,132.0,,15.872108551792659,74.6257284538682,99.24973966025452
133,133.0,,15.872411214250777,74.62660562096897,99.67153071219145
134,134.0,,15.872728910914626,74.62747831156739,99.80028102398153
135,135.0,,15.873008678735669,74.62836570280777,99.8792668773102
136,136.0,,15.873273311528138,74.62925810715522,99.88009438630716
137,137.0,,15.87355893750453,74.63013454474995,98.97352888108243
138,138.0,,15.873813454314408,74.63102160458132,99.0063534350473
139,139.0,,15.874050758150936,74.631922363928,99.88862547391592
140,140.0,,15.87430462814786,74.63281749685848,99.81349770183823
141,141.0,,15.874571279789812,74.63370933809183,99.88835941319697
142,142.0,,15.874842116002585,74.6345909607525,98.98568122451442
143,143.0,,15.875116455439183,74.63548028234028,99.88854361059985
144,144.0,,15.875390791243902,74.63636960635,99.88854361070268
145,145.0,,15.875660221105393,74.63725558645912,99.38211651300892
146,146.0,,15.875930527165872,74.63814481959692,99.74310455256662
147,147.0,,15.87620268905627,74.63903486960629,99.88861838799396
148,148.0,,15.876476506827494,74.63992467837382,99.91985875896609
149,149.0,,15.876744875266615,74.6408117663986,99.45914369488682
150,150.0,,15.877015629572039,74.64169928105152,99.5824354748139
151,151.0,,15.877288206585675,74.64258919906686,99.8886725909357
152,152.0,,15.877559626546018,74.64347153721071,99.07712095847303
153,153.0,,15.877833501277543,74.6443608522963,99.87089109962038
154,154.0,,15.878102490539824,74.64525194901745,99.88825274171172
155,155.0,,15.878374236218816,74.64613596892552,99.25911261012254
156,156.0,,15.878651343336879,74.64702437905625,99.88863798543635
157,157.0,,15.87893488140455,74.64790417825702,99.23773887807747
158,158.0,,15.879232856886485,74.6487789706625,99.2543240423661
159,159.0,,15.879527005798314,74.64966143984476,99.8883818017596
160,160.0,,15.879821151133136,74.65054391160461,99.88838180444526
161,161.0,,15.880113893070382,74.65142624057175,99.82282621054168
162,162.0,,15.880398868651103,74.65231196235689,99.88849602258773
163,163.0,,15.880693791029382,74.65319051413456,99.52039444707273
164,164.0,,15.880988297082782,74.65407258130912,99.86012706298428
165,165.0,,15.88120187873661,74.65497806456051,99.7117239430145
166,166.0,,15.881327250070992,74.65589484289167,99.03616862034741
167,167.0,,15.881432590044927,74.65681798210603,99.42273530902524
168,168.0,,15.88139972775811,74.65774841943015,99.57792590435334
169,169.0,,15.881332111784909,74.65867973392301,99.88805786335547
170,170.0,,15.881269110911518,74.65960844433981,99.57295517711404
171,171.0,,15.881214342004958,74.66053721799383,99.51952493243238
172,172.0,,15.881163614878893,74.66146777076762,99.683032649865
173,173.0,,15.88111430868513,74.6623968643221,99.5184136513772
174,174.0,,15.881061674696657,74.66332127633946,99.03968655170944
175,175.0,,15.880984363510168,74.66424886817433,99.57849093245528
176,176.0,,15.880810120280978,74.66516004055946,99.35809124313158
177,177.0,,15.880522231372717,74.66604497203654,99.9114798688515
178,178.0,,15.88026122162856,74.66693036259066,99.04141670033916
179,179.0,,15.880192634764278,74.6678557598624,99.2658079851658
180,180.0,,15.880185299114011,74.6687892183273,99.83791081493982
181,181.0,,15.88023998011847,74.66971254037337,98.93747314546756
182,182.0,,15.880375834935744,74.67062726122546,98.98995317739137
183,183.0,,15.880513078397028,74.67154346652194,99.17043797381241
184,184.0,,15.880603679854866,74.67246573916503,99.15120178919629
185,185.0,,15.880700135027343,74.67339184833928,99.62733190156389
186,186.0,,15.880790279992201,74.67431278271013,99.00357097094758
187,187.0,,15.880816267523452,74.67523842005417,99.03996276055035
188,188.0,,15.880691046782449,74.67615664673097,99.18742488564321
189,189.0,,15.88052666165081,74.67706942853532,99.31948670667038
190,190.0,,15.88043577624908,74.67799711032735,99.72997173489442
191,191.0,,15.880354659172024,74.67892484148904,99.63106560030216
192,192.0,,15.88026270192057,74.67984775221338,99.2346348624295
193,193.0,,15.880122578517927,74.68076322198534,99.1426541190298
194,194.0,,15.879884567586325,74.68166345928944,99.85278694099121
195,195.0,,15.879728977369405,74.68257272681451,98.77447842614825
196,196.0,,15.879822828404809,74.68349664909258,99.36440191659302
197,197.0,,15.879931324797631,74.68442266643792,99.77098155350099
198,198.0,,15.880156744504651,74.68531742684593,98.92408512213976
199,199.0,,15.880584702544294,74.68613548479829,99.59616852488749
200,200.0,,15.880974744968942,74.68697419954317,99.63610673341351
201,201.0,,15.881127233612519,74.68788787016621,99.17801212292221
202,202.0,,15.881029293040058,74.6888108971052,99.31737365079147
203,203.0,,15.880823186586339,74.68971782762145,99.66773451994082
204,204.0,,15.88078796194813,74.69064855391696,99.61909458453326
205,205.0,,15.88087419708628,74.69157726935421,99.78876664909454
206,206.0,,15.880959464076053,74.69249931004873,99.06782119798996
207,207.0,,15.881253892837321,74.6933785314124,99.56970266699975
208,208.0,,15.881951212042523,74.6939295833762,97.39387302028155
209,209.0,,15.88185143052785,74.69483629323071,97.6056228390201
210,210.0,,15.881290741327152,74.69524913456092,76.39724491463343
211,211.0,,15.880529955101192,74.69481970744846,96.25879736886355
212,212.0,,15.879685855549859,74.69511243161158,98.94324272116857
213,213.0,,15.878817194960725,74.69529599406208,98.5656236569345
214,214.0,,15.878116103581418,74.69584939785953,97.88058629333018
215,215.0,,15.877329589162748,74.69628986656689,99.33734164323981
216,216.0,,15.877351315130355,74.69672165970658,46.244626745930724
217,217.0,,15.878136936862296,74.69631833218214,97.42723226943647
218,218.0,,15.879016808583934,74.69644516785962,98.7732268180831
219,219.0,,15.879660454390923,74.69706180014518,97.32252715162377
220,220.0,,15.87955894894876,74.69796738056206,97.50871081380308
221,221.0,,15.879241109283159,74.69883968703624,99.76453177053608
222,222.0,,15.87905752813481,74.69974591276107,99.04884650060511
223,223.0,,15.878893380608115,74.70065746986809,99.18665612497902
224,224.0,,15.878565517771776,74.70150647421741,97.84800036098143
225,225.0,,15.879230649869218,74.70209731893597,97.27903003112712
226,226.0,,15.880059207659194,74.70242293672884,98.49366955912892
227,227.0,,15.880411010704146,74.70325800514448,97.50301833289943
228,228.0,,15.880614648699403,74.70414657271435,97.69367577659044
229,229.0,,15.881320870893973,74.70470114843391,98.41063569318624
230,230.0,,15.881874113113028,74.70540438246168,97.16565031621883
231,231.0,,15.88216274347704,74.70628299451764,99.29749774750789
232,232.0,,15.882472456734854,74.70715900624015,99.81859397537589
233,233.0,,15.882944121073654,74.70794337758882,98.9339678386445
234,234.0,,15.883497901996583,74.70867032960446,99.17884733819385
235,235.0,,15.88403619514957,74.70941661484727,99.7650763722279
236,236.0,,15.884612927969773,74.71013354273921,99.95823501646134
237,237.0,,15.885198476321985,74.71083091894788,99.00513178884411
238,238.0,,15.88579409770599,74.71152823871667,99.74062973128343
239,239.0,,15.88638651617512,74.71222172678968,99.19756797076175
240,240.0,,15.886979966424793,74.712910833781,98.92406954532541
241,241.0,,15.887641053198287,74.71353104287891,99.01156395281834
242,242.0,,15.888294434391407,74.71416357907523,99.2706160480522
243,243.0,,15.888845535109077,74.71489319232197,99.21614377642852
244,244.0,,15.889268846198723,74.71571236475279,99.45197409176066
245,245.0,,15.88955886487559,74.71659094569002,99.3410880594257
246,246.0,,15.88980781411394,74.7174830177817,99.33863016492295
247,247.0,,15.890127248578679,74.71834900455494,99.19157294880341
248,248.0,,15.890323110437741,74.71925596447548,99.41067350627348
249,249.0,,15.89037054922433,74.72018213286124,99.1902585573992
250,250.0,,15.890402820836801,74.72111553825815,99.88832396096399
251,251.0,,15.890428593128362,74.72204811332594,99.77619518669258
252,252.0,,15.890535957733121,74.7229658099651,98.86725183946558
253,253.0,,15.890805921332861,74.7238472669276,98.9321954645948
254,254.0,,15.891229763642873,74.72465963202868,98.83866637571465
255,255.0,,15.891720712873443,74.72544095750118,99.81133895276369
256,256.0,,15.892184105908038,74.72623870990076,99.66839110440098
257,257.0,,15.892463299368073,74.72712396768551,99.63384991053384
258,258.0,,15.89260909808069,74.72804324478871,99.63959133006031
259,259.0,,15.8927060623551,74.72896642768188,99.31646379727269
260,260.0,,15.892740557575816,74.72989801822209,99.70240812786773
261,261.0,,15.892887789526945,74.73081289836188,99.20169798961527
262,262.0,,15.893254373304876,74.73166370297974,99.70219226078466
263,263.0,,15.893746429192879,74.73244075242943,99.4957326614548
264,264.0,,15.894119897821676,74.73328618746994,99.49514999901014
265,265.0,,15.894413601792886,74.7341627244434,99.2662832763531
266,266.0,,15.894702913370628,74.73503890259848,99.07024690418542
267,267.0,,15.89499328699422,74.73592082698418,99.68972668420986
268,268.0,,15.895246074368735,74.7368124411976,99.40896054202102
269,269.0,,15.895348271138374,74.73773521777728,99.33685685289296
270,270.0,,15.895411841306077,74.73866537242206,99.72456051662893
271,271.0,,15.895401384793574,74.73959350679247,99.26446590252584
272,272.0,,15.895380126510569,74.74052329237638,99.46234303688978
273,273.0,,15.895356303415443,74.74144873877331,99.0056594329304
274,274.0,,15.895329552852466,74.74237609074585,99.2186128323617
275,275.0,,15.89533283025076,74.74330256720559,99.08106117831096
276,276.0,,15.89548629910606,74.74421939037254,99.52197137641154
277,277.0,,15.895672160308987,74.74513077054739,99.63284929167756
278,278.0,,15.895854794943215,74.7460455897101,99.91903068554683
279,279.0,,15.89601842373481,74.74695845582958,99.3055999032258
280,280.0,,15.896090148952915,74.74788805877652,99.73379213147909
281,281.0,,15.896056681621385,74.74881466003971,99.16322519767377
282,282.0,,15.896047759947091,74.74974498653441,99.49671539726648
283,283.0,,15.896154382773076,74.75066779386897,99.39723409940642
284,284.0,,15.896324017384636,74.75158527906328,99.91503032795609
285,285.0,,15.896504454371064,74.75249839967285,99.69140321514422
286,286.0,,15.896676344673502,74.75341313259909,99.6736288176513
287,287.0,,15.896890896402512,74.7543156511279,99.42232151727384
288,288.0,,15.897289429095816,74.75514521285251,99.1675173541952
289,289.0,,15.89767273935034,74.75597897032407,98.82725302582264
290,290.0,,15.89789869458393,74.75687588030846,99.15339233961785
291,291.0,,15.89815287960706,74.75777102490645,99.81373089474025
292,292.0,,15.89850126277672,74.75862580420839,99.28106468239979
293,293.0,,15.898853050057145,74.75948282149459,99.6493019137088
294,294.0,,15.899097394060739,74.760377144101,99.42440579945323
295,295.0,,15.899274977299182,74.76129261976043,99.87357341450246
296,296.0,,15.899452482641589,74.76220532995087,99.58188445818999
297,297.0,,15.899623446943767,74.763114670784,99.08654313932819
298,298.0,,15.899786177343781,74.76403047046863,99.59402792881495
299,299.0,,15.899881522011565,74.76495539887517,99.47917429232977
300,300.0,,15.899919319732712,74.76588331556542,99.32112597847184
301,301.0,,15.899952623320372,74.76681663734217,99.87884151233352
302,302.0,,15.89998599190084,74.76774605188821,99.46154056091504
303,303.0,,15.900022969569113,74.76867468008673,99.39328186142147
304,304.0,,15.90005259249985,74.76960749055725,99.80980437633156
305,305.0,,15.90008503119965,74.77053391834131,99.13849216093591
306,306.0,,15.900116370580713,74.77146669539478,99.81268277457616
307,307.0,,15.900151858694139,74.77240014146079,99.90132567878167
308,308.0,,15.900185021093874,74.7733298132867,99.48808437015997
309,309.0,,15.90021362969557,74.77425943552322,99.4652877377443
310,310.0,,15.900285576443359,74.77518399490077,99.19608340892086
311,311.0,,15.9004103050726,74.77610420205495,99.38000796939563
312,312.0,,15.90051733429254,74.77702937874707,99.65207163881001
313,313.0,,15.900601241985312,74.77795826769577,99.77301154651751
314,314.0,,15.900681118250082,74.77888862713797,99.88868158263544
315,315.0,,15.900757559311304,74.77981761604848,99.70937103909681
316,316.0,,15.90084348838691,74.7807453260416,99.66866468594363
317,317.0,,15.90092922122896,74.78167328571321,99.69311138776932
318,318.0,,15.90105710170065,74.78258921922374,98.97690659794823
319,319.0,,15.901224802615085,74.78350461653618,99.65296931410771
320,320.0,,15.901421695745737,74.78441662908314,99.95777766647466
321,321.0,,15.901615950986848,74.78532203692781,99.20437063731113
322,322.0,,15.901812010585232,74.78622758518493,99.2628063745226
323,323.0,,15.90200448549127,74.7871402154281,99.91556842063477
324,324.0,,15.902210716992808,74.78804788016873,99.73741087172701
325,325.0,,15.902417066126574,74.78895429013879,99.60974131583185
326,326.0,,15.90259939172082,74.78986964628784,99.96507091034083
327,327.0,,15.902775446838026,74.79077778468005,99.06915460506839
328,328.0,,15.90296157373153,74.79168965270449,99.68655970027844
329,329.0,,15.903153305730662,74.7926002319605,99.68309461871833
330,330.0,,15.90336340909366,74.79350408019849,99.43998361642868
331,331.0,,15.903577079517072,74.7944102299567,99.7728423453734
332,332.0,,15.90378744611171,74.79531755417116,99.80799194909741
333,333.0,,15.903996999777025,74.7962169568128,98.96324139223363
334,334.0,,15.904209839071557,74.79712363995506,99.80599041679257
335,335.0,,15.904418493158879,74.79802909007626,99.56833181904432
336,336.0,,15.904602194965014,74.79894309646373,99.85397112291199
337,337.0,,15.904708391788139,74.79986607752826,99.40587453189399
338,338.0,,15.904774602402515,74.80079174183147,99.26231179018782
339,339.0,,15.90483507605397,74.80171952121071,99.44266912413704
340,340.0,,15.904901524737102,74.8026499899322,99.77657419488793
341,341.0,,15.904960672353262,74.80357804327679,99.46197845302203
342,342.0,,15.905022319828758,74.80450711787358,99.58966770104641
343,343.0,,15.905085132889132,74.80543261725765,99.21726051163058
344,344.0,,15.905145204579762,74.80636180205803,99.58945800138503
345,345.0,,15.905183976587335,74.80728873053859,99.21759681868154
346,346.0,,15.905138455002431,74.80822182853686,99.91194573775083
347,347.0,,15.905079590005899,74.80915280516625,99.77175250311504
348,348.0,,15.90496776366333,74.81007675518764,99.58480361705743
349,349.0,,15.90484681279193,74.81100222800967,99.87798841682215
350,350.0,,15.90480510131076,74.811933289739,99.67402471464594
351,351.0,,15.90478299365525,74.81286269222059,99.41902960475439
352,352.0,,15.904860376523127,74.81378850063611,99.37749053757815
353,353.0,,15.904993693540336,74.81471231918806,99.89746402139707
354,354.0,,15.90512426464595,74.81563022844642,99.227377022868
355,355.0,,15.90524779414857,74.81655005220053,99.31853666945547
356,356.0,,15.905363993235648,74.81746887965994,99.10339986763151
357,357.0,,15.905514907013739,74.81838417507319,99.30780042756743
358,358.0,,15.905805788074794,74.81925753720431,98.83755806324125
359,359.0,,15.906174992218393,74.82009931003134,98.93677663506145
360,360.0,,15.90655056721169,74.82094579770595,99.69026541473359
361,361.0,,15.906925488815206,74.82178507587409,98.95995587836453
362,362.0,,15.907300103993688,74.82262973432822,99.46763045474998
363,363.0,,15.907672943795985,74.82347072393453,99.02853214720734
364,364.0,,15.908019223802908,74.82433067089859,99.69556380867141
365,365.0,,15.908317026681042,74.82521088388467,99.78179149371313
366,366.0,,15.908553492932796,74.82610785602145,99.45749245218913
367,367.0,,15.908732789820771,74.82702311398447,99.88409931655706
368,368.0,,15.90885442426618,74.82794093863176,99.07608489249915
369,369.0,,15.908912271511378,74.8288653609761,99.06310636150829
370,370.0,,15.908925629373126,74.82979372436334,99.28658830822815
371,371.0,,15.908974893536884,74.83071775720033,98.96409543630678
372,372.0,,15.909093669096317,74.8316397693577,99.47688597531011
373,373.0,,15.909167373737427,74.83256929244011,99.73668084553258
374,374.0,,15.90909291692301,74.83349269588965,99.09145329234256
375,375.0,,15.908902320076258,74.83440242533939,99.5645698285887
376,376.0,,15.908685802050751,74.83530832588222,99.82036395443987
377,377.0,,15.908476398800868,74.83620935912056,99.12660707788905
378,378.0,,15.90833606838222,74.83712630770367,99.28888806528033
379,379.0,,15.908247629074413,74.83805639448215,99.94506079015135
380,380.0,,15.908159337990654,74.83898649885688,99.9453565151736
381,381.0,,15.908148191615613,74.83991684094839,99.49517096840248
382,382.0,,15.90821276110884,74.84084174660157,99.16634045807545
383,383.0,,15.908282279702666,74.84176871286058,99.42735482963728
384,384.0,,15.90835145028822,74.84269969549115,99.85253417105378
385,385.0,,15.90842870585722,74.84362519214622,99.34130165648524
386,386.0,,15.908545601837991,74.8445451301256,99.22972167390597
387,387.0,,15.908679832822896,74.84546082366322,99.05178218350561
388,388.0,,15.90881569083934,74.84637768718372,99.20279291964042
389,389.0,,15.908954073068303,74.8472919442546,98.9705132530839
390,390.0,,15.909090396263933,74.84820895841744,99.22647059399837
391,391.0,,15.909226562792426,74.84912932148147,99.5776838517955
392,392.0,,15.909362028691895,74.85004677104833,99.25784215991743
393,393.0,,15.90952661226141,74.85095752996942,99.09719404366831
394,394.0,,15.909730556067979,74.85186339746042,99.48855469442952
395,395.0,,15.909953925374653,74.85276733274675,99.80279559752012
396,396.0,,15.910178597939106,74.85367146036353,99.85876731801883
397,397.0,,15.910394927138903,74.85457490670441,99.5599180397449
398,398.0,,15.910602620464116,74.85547595119726,99.08239370169893
399,399.0,,15.910871596290601,74.85636541605346,99.70651644051188
400,400.0,,15.911277618075818,74.85719474459937,99.51471396559307
401,401.0,,15.911807691322895,74.8579468563915,99.71240131481186
402,402.0,,15.912437796705056,74.85861029885507,99.71056188171792
403,403.0,,15.913084109760213,74.85925439896789,99.54273191767918
404,404.0,,15.913729541912689,74.85990184436228,99.71991084153777
405,405.0,,15.914353112176766,74.86057287801631,99.78294966304159
406,406.0,,15.914940201865576,74.86127118782846,99.1847696781962
407,407.0,,15.915501453759427,74.86199773713356,99.653535297967
408,408.0,,15.916016065920175,74.8627529693634,98.97659679430323
409,409.0,,15.916504833144256,74.86353205128155,99.46919199112547
410,410.0,,15.916966312821044,74.86433252996659,99.79948197611124
411,411.0,,15.917421110674548,74.86513076173765,99.2125482603972
412,412.0,,15.917881846001247,74.86593267898725,99.88863861179561
413,413.0,,15.91833067758112,74.86673392095831,99.15370286634169
414,414.0,,15.91868699985012,74.86758352239745,99.1126610088251
415,415.0,,15.918924457529046,74.86847717626497,99.13986773474785
416,416.0,,15.919037674146201,74.86939688899201,99.14797208446977
417,417.0,,15.919024374758653,74.87032358418497,99.10313507283348
418,418.0,,15.91893001961805,74.87124939047425,99.55149055800125
419,419.0,,15.918826141359903,74.87217759755264,99.92369538835275
420,420.0,,15.918763682638701,74.87310746046613,99.67320082610816
421,421.0,,15.91877062532236,74.87403327658413,99.00124085104073
422,422.0,,15.918840387523307,74.87495621539924,98.99493344829392
423,423.0,,15.918919171423138,74.87588728672685,99.94479133498977
424,424.0,,15.918968661082328,74.87681206598647,99.04027223884687
425,425.0,,15.918979312608496,74.87774509538161,99.77647937823939
426,426.0,,15.918950044154325,74.87867760199624,99.7666497746702
427,427.0,,15.918912336753383,74.87960222922511,98.95988596963103
428,428.0,,15.91883351308509,74.88053083659383,99.6827272976634
429,429.0,,15.918699644991412,74.88145517383764,99.95469419700643
430,430.0,,15.918549558544742,74.88236955165885,99.18924537924194
431,431.0,,15.918435015664473,74.88328766422991,98.9973558737184
432,432.0,,15.91839014622687,74.88422000332751,99.82067891961168
433,433.0,,15.918411107871522,74.88514806139477,99.26551388581467
434,434.0,,15.918437780714637,74.8860807875071,99.78138052503716
435,435.0,,15.918462403180964,74.88700610774869,98.98323515463653
436,436.0,,15.918495785249545,74.88793510275985,99.40762116164393
437,437.0,,15.918622108014944,74.88885525451471,99.3902108756663
438,438.0,,15.918801258528427,74.88976525667248,99.32539476225799
439,439.0,,15.918988510683299,74.89067041364365,99.00332655152792
440,440.0,,15.91924295221997,74.8915608710449,99.33163480876745
441,441.0,,15.919542314356251,74.89243669552279,99.39221970891181
442,442.0,,15.919755490643167,74.89333644650979,99.0877056329759
443,443.0,,15.91993644361933,74.89425084073578,99.82520817427795
444,444.0,,15.920139583691498,74.89515626471045,99.41714896498162
445,445.0,,15.92034314263928,74.89606054538083,99.3086067995194
446,446.0,,15.920535349906721,74.89696643179109,99.19610694051842
447,447.0,,15.920712003826042,74.89788079768223,99.72661192238922
448,448.0,,15.920875864992583,74.89879387665647,99.32084569777898
449,449.0,,15.921041084345157,74.89970386896299,99.02423839700904
450,450.0,,15.921233639638293,74.90061595006026,99.85100855323776
451,451.0,,15.921450994768403,74.90151886936391,99.52771552617742
452,452.0,,15.921670883797525,74.90241963275277,99.37294950349906
453,453.0,,15.921892198850486,74.903324996729,99.88868098875693
454,454.0,,15.922109221382215,74.90422604992527,99.32486013947673
455,455.0,,15.922329560247997,74.90513167130744,99.88847268851181
456,456.0,,15.92256081927869,74.90602546033564,98.97081076590743
457,457.0,,15.922803467853527,74.90692047554873,99.43347607248718
458,458.0,,15.923045367953067,74.90782013098908,99.88856889282764
459,459.0,,15.923279671610144,74.9087144140884,99.10995422621211
460,460.0,,15.923469703613948,74.90962529214066,99.66443980502343
461,461.0,,15.92362020527224,74.91053904326742,99.12861300131698
462,462.0,,15.923764675541412,74.91145668222742,99.42776118807333
463,463.0,,15.923907188884971,74.91237121963711,99.06538027574463
464,464.0,,15.924040383914916,74.91329537431533,99.92173616584851
465,465.0,,15.92424177570669,74.9142026124745,99.5602401377206
466,466.0,,15.924366062173185,74.91512145294891,99.21682942854254
467,467.0,,15.924490720285123,74.9160430709847,99.51662845270327
468,468.0,,15.924616786711253,74.9169593022161,98.96827544854894
469,469.0,,15.924749217560993,74.91787920771986,99.45946218220524
470,470.0,,15.924883503195458,74.91880122454985,99.71334986777414
471,471.0,,15.92498253447704,74.91972193088897,99.06275069251392
472,472.0,,15.924994665505839,74.92064784355213,99.01467643510932
473,473.0,,15.924959553819711,74.92157475640921,99.18930977329791
474,474.0,,15.924927608709853,74.92250000747978,98.99851448487088
475,475.0,,15.924893952812079,74.92343291426604,99.82356508016925
476,476.0,,15.924874725005518,74.92435998135348,99.15203292749304
477,477.0,,15.925007177332068,74.92527473336706,98.91474988755321
478,478.0,,15.925266699591484,74.92616253116555,99.21916688441021
479,479.0,,15.925527553738064,74.92705423635456,99.66186995403972
480,480.0,,15.925857981809992,74.92791404414196,99.00673228082209
481,481.0,,15.926422674173073,74.92862283759831,98.420933641994
482,482.0,,15.927140841298964,74.92917148505555,99.08907091490998
483,483.0,,15.927817158444332,74.92977639432866,99.19212513700658
484,484.0,,15.928329549821143,74.93053775199594,99.36588084270889
485,485.0,,15.928649936889341,74.93140685601159,99.52414474083955
486,486.0,,15.928806779975156,74.93231931120941,99.11119660316852
487,487.0,,15.929004859614,74.93322450119891,99.2622494826377
488,488.0,,15.929311188351456,74.93409549474339,99.1647743786562
489,489.0,,15.92972407479223,74.93492043229843,99.43939306993362
490,490.0,,15.930195023994482,74.93571359043182,99.67328928771785
491,491.0,,15.930664385018748,74.93650452461199,99.37801025513542
492,492.0,,15.931129317174216,74.93729629930178,99.19678763960908
493,493.0,,15.9315960426102,74.93808524338363,99.04277909850661
494,494.0,,15.932179655108937,74.93878130535428,98.74459655671811
495,495.0,,15.932910546264617,74.9393088053254,98.92540817341036
496,496.0,,15.933732180954129,74.93967819324627,99.53332765279062
497,497.0,,15.934497698706505,74.94014261747517,98.54726777474221
498,498.0,,15.935029111414552,74.94088832430036,99.24198187936013
499,499.0,,15.935281457284274,74.94177437814493,98.80667444970722
500,500.0,,15.935487977561877,74.94268159767346,99.68283001106721
501,501.0,,15.935691545909972,74.94358435254802,99.14280886762167
502,502.0,,15.93589973964995,74.94448565776513,99.11068361432204
503,503.0,,15.936158486146429,74.94537678838059,99.53026615030141
504,504.0,,15.936431251517181,74.94625900389254,99.08400865367109
505,505.0,,15.936640733762614,74.94716157763473,99.27574279224292
506,506.0,,15.936814740191117,74.94807362614937,99.41830056604549
507,507.0,,15.936990776497968,74.94898901629588,99.81271967213902
508,508.0,,15.93727638087551,74.94986325717537,98.72220920689104
509,509.0,,15.937670701484244,74.95069368191434,99.02585130709147
510,510.0,,15.938027242257903,74.95154715328295,99.49372485340972
511,511.0,,15.938355743468646,74.95241209784295,99.4327175680701
512,512.0,,15.938683919767364,74.95327476545219,99.19289070802351
513,513.0,,15.939011858542058,74.95414452421278,99.88851086479251
514,514.0,,15.93934000070712,74.95500611588895,99.08425039201238
515,515.0,,15.939662437959282,74.9558753585282,99.61504692527362
516,516.0,,15.939981261900675,74.95674375097053,99.38607730559883
517,517.0,,15.940389249727824,74.957574437457,99.73191682591887
518,518.0,,15.940943444594893,74.95830740918046,99.6951623923337
519,519.0,,15.941598104949497,74.95893971783336,99.34599061879807
520,520.0,,15.942260193610933,74.9595625185193,99.26789508990373
521,521.0,,15.942885295812983,74.96022811925937,99.47769596266839
522,522.0,,15.943388195715102,74.96099855736658,99.56122313241875
523,523.0,,15.943832970483365,74.96180342115963,99.25353984947506
524,524.0,,15.944335968952446,74.96257396928384,99.5767891030252
525,525.0,,15.9448513263758,74.9633391965484,99.88846424621742
526,526.0,,15.945365217534832,74.96410522579441,99.86515547019937
527,527.0,,15.94586876573838,74.96487890113019,99.88732156102397
528,528.0,,15.946360095681769,74.9656610064421,99.88527017297221
529,529.0,,15.946818502823728,74.96645638139687,99.14488227447922
530,530.0,,15.947252930936894,74.96726514198264,99.04753356697121
531,531.0,,15.947679588856422,74.96808502178621,99.67276205232608
532,532.0,,15.948133951432593,74.96888952268046,99.75400516332004
533,533.0,,15.948624977551574,74.96967063106464,99.77677593870642
534,534.0,,15.949117021884284,74.97044988304629,99.67264522890777
535,535.0,,15.949591586533625,74.97123281152342,98.95122853297367
536,536.0,,15.949978279372964,74.97207072931052,99.36994851711609
537,537.0,,15.950321981307754,74.97293139819325,99.63858025173889
538,538.0,,15.950677578407332,74.97378308684964,99.27182317690426
539,539.0,,15.951039243681008,74.97463814832979,99.87232438475426
540,540.0,,15.951390991583782,74.97549586899704,99.6946993678299
541,541.0,,15.951726939800748,74.97635528920195,99.1867897859055
542,542.0,,15.95203786678529,74.97722922835287,99.6269652005443
543,543.0,,15.95234954878947,74.97810255184365,99.59428412197542
544,544.0,,15.95268201654704,74.97896118407967,98.9631260699215
545,545.0,,15.953061958726034,74.97980255423107,99.38016851988337
546,546.0,,15.953485831722233,74.98062340656392,99.61509028837698
547,547.0,,15.953942260104673,74.9814234368847,99.45705458784164
548,548.0,,15.954379410392704,74.98223350789067,99.31497978742766
549,549.0,,15.95476094902412,74.98307372595998,99.34368528407148
550,550.0,,15.955094345659235,74.98394064802119,99.82307766580263
551,551.0,,15.955411513454003,74.98481187338717,99.59704718600686
552,552.0,,15.955734608475476,74.98568020928208,99.54403334769607
553,553.0,,15.9560676501789,74.98653920164537,99.02125299412539
554,554.0,,15.956405253123693,74.98740586687998,99.97171150207274
555,555.0,,15.956739355971916,74.9882644509714,99.02469456714181
556,556.0,,15.957074362771106,74.98913135440732,99.88701119151679
557,557.0,,15.957411787404297,74.98999337366739,99.50362305933244
558,558.0,,15.957741845910732,74.99085533060551,99.19134164685497
559,559.0,,15.958078581503127,74.99172059088133,99.79557180821296
560,560.0,,15.958413587555205,74.9925828355552,99.424443448683
561,561.0,,15.958748210882518,74.99344496471424,99.39691193636044
562,562.0,,15.959093318261964,74.99430321652946,99.45646353354392
563,563.0,,15.95943634883657,74.99516387070788,99.60465218732644
564,564.0,,15.959775778374715,74.99602893863042,99.88858490417635
565,565.0,,15.96011247947211,74.9968918912517,99.56461724544387
566,566.0,,15.960454813250372,74.99775473545546,99.79096395353952
567,567.0,,15.960795061975684,74.9986165353579,99.59932437828871
568,568.0,,15.961134120756808,74.99947838644414,99.55405779573168
569,569.0,,15.961473107803203,75.00033715718119,99.24617603950378
570,570.0,,15.961812867907883,75.00119705479734,99.39013070212226
571,571.0,,15.962154800449442,75.00205851263068,99.63621578327702
572,572.0,,15.962497594528848,75.00292215261753,99.88826221899004
573,573.0,,15.962840385166242,75.0037857955603,99.88826221881176
574,574.0,,15.96317772602725,75.00464762107818,99.47847050603569
575,575.0,,15.963518210996387,75.00550534927301,99.20566070372628
576,576.0,,15.963858579816225,75.00636270155286,99.16344162434382
577,577.0,,15.964188491266425,75.00722503707416,99.22014146980341
578,578.0,,15.964520545997296,75.00809321666434,99.88861234732619
579,579.0,,15.964852597249472,75.00896139913326,99.8886123460807
580,580.0,,15.965185785676466,75.0098264823545,99.62763523850656
581,581.0,,15.96552030712472,75.01069399017128,99.92323612263583
582,582.0,,15.965852850527579,75.01155498017673,99.19451780356817
583,583.0,,15.966189789351356,75.01242112937786,99.88866809809605
584,584.0,,15.966528108485862,75.01328288461563,99.51115659748474
585,585.0,,15.966870216633493,75.01414424529645,99.6320653994763
586,586.0,,15.967209495744104,75.01500941013903,99.88868158261793
587,587.0,,15.967552139014572,75.01587155767702,99.73224328177629
588,588.0,,15.967897525097795,75.01673410688537,99.88864586992669
589,589.0,,15.968242907746651,75.01759665906928,99.88864586850559
590,590.0,,15.968607645881795,75.01844508555016,99.35513082542195
591,591.0,,15.968942449942277,75.0193090697181,99.58398886006363
592,592.0,,15.969268852251,75.0201704301632,98.97737466040263
593,593.0,,15.969545468681684,75.02105789602119,99.73488395916823
594,594.0,,15.970078198068421,75.02178735657816,97.92946582337117
595,595.0,,15.970725300349418,75.02243418775817,99.794504427038
596,596.0,,15.971269894696395,75.0231700785212,99.27656587679641
597,597.0,,15.971752899359375,75.02395691607708,99.79904901079131
598,598.0,,15.972081516046641,75.02481510911032,98.75207734320841
599,599.0,,15.972475271986863,75.02564857143665,99.27557183798474
600,600.0,,15.972882069922846,75.02648166660407,99.8884790651554
601,601.0,,15.9732890560176,75.02731173375221,99.60932106342038
602,602.0,,15.973729129901258,75.02811692624321,99.01349960059113
603,603.0,,15.974221485640017,75.02888895270182,99.03834608618983
604,604.0,,15.974744841220659,75.02964172088718,99.30909184218962
605,605.0,,15.975227973898438,75.03041985291746,99.02243689087454
606,606.0,,15.975691057252213,75.03121708554316,99.57264640389798
607,607.0,,15.976176345600873,75.03199402786511,99.04568159922063
608,608.0,,15.976703799347955,75.03275038240861,99.88625435717564
609,609.0,,15.977229564400275,75.03350193804218,99.36068225070402
610,610.0,,15.977751445499031,75.03425495443851,99.23364598901294
611,611.0,,15.978275846848002,75.0350065538545,99.27498463722043
612,612.0,,15.978810649209485,75.03575172581925,99.40707847753757
613,613.0,,15.979355712424525,75.03648934655968,99.45241748117047
614,614.0,,15.979905915282327,75.03722525688748,99.6571663888059
615,615.0,,15.980455549002464,75.0379628209886,99.75782141527938
616,616.0,,15.98099957453086,75.03869806438377,99.18011736854822
617,617.0,,15.981565945928065,75.03941935586018,99.55521020759649
618,618.0,,15.98216540731466,75.04011361080094,99.75399887107771
619,619.0,,15.982742140956848,75.04082161187094,99.19961036808965
620,620.0,,15.983284152459511,75.04155790526141,99.13206199644051
621,621.0,,15.98382483048657,75.04230414244067,99.88861247918396
622,622.0,,15.984364779249296,75.04304117863343,99.05558719592949
623,623.0,,15.984909746121247,75.04377580581436,99.19062104885566
624,624.0,,15.985465896837324,75.04450964056836,99.88849742548973
625,625.0,,15.986020725362012,75.04524444722543,99.87905416589778
626,626.0,,15.986569369429482,75.0459759150662,99.17395280099761
627,627.0,,15.987122322175468,75.04670855082085,99.56738480130649
628,628.0,,15.98768888588716,75.04742679106984,99.31455788307942
629,629.0,,15.988294959879578,75.04811645998517,99.88277374147495
630,630.0,,15.988901360881663,75.04880589439658,99.88865088819395
631,631.0,,15.989507314711227,75.04949482707667,99.8153524054084
632,632.0,,15.99010967810112,75.05017744438489,99.04776408043655
633,633.0,,15.990712700144314,75.05086162613057,99.22033971498195
634,634.0,,15.991339463755036,75.05152456573411,99.3915601739568
635,635.0,,15.9920005092231,75.05215734469019,99.88991793495737
636,636.0,,15.992661541387792,75.05279011686795,99.88818734849319
637,637.0,,15.993322571701613,75.05342289323042,99.88818734847588
638,638.0,,15.99397950465815,75.05405175326754,99.26931343438358
639,639.0,,15.9946405331436,75.05468453975674,99.88846874663002
640,640.0,,15.99528262834399,75.05533326258752,99.52867421898897
641,641.0,,15.995915624332945,75.0559914334074,99.51656739707026
642,642.0,,15.99656992364409,75.05661914186804,98.9699378625028
643,643.0,,15.99723135596092,75.05725147908063,99.88842150201955
644,644.0,,15.997952330045214,75.05778342562236,98.28514212838265
645,645.0,,15.99879088270427,75.05808773055728,98.75323811446042
646,646.0,,15.999371949135547,75.05879212484535,99.2140830323646
647,647.0,,15.99989637831022,75.05955118232353,99.91600371290977
648,648.0,,16.000505619470978,75.06022612614753,98.96425489996395
649,649.0,,16.00115677584644,75.06086395738615,99.45085450420964
650,650.0,,16.001802512463055,75.06151406755252,99.92103195556854
651,651.0,,16.00241170798427,75.0621928827559,99.26234257805193
652,652.0,,16.003043874220896,75.0628570922469,99.90718026851557
653,653.0,,16.003716314672893,75.06347673060564,99.88651817702312
654,654.0,,16.004410578897293,75.06406640459946,99.65988537327772
655,655.0,,16.005098542993437,75.06466679243954,99.85017065493778
656,656.0,,16.0057556168401,75.06530273312008,99.79210670471892
657,657.0,,16.006371267742654,75.06597314400103,99.10107869245294
658,658.0,,16.006969266268623,75.06666656829053,99.57241786391086
659,659.0,,16.007571826809606,75.06734979312708,99.10573093343098
660,660.0,,16.008195872920286,75.06801479821668,99.33348972122835
661,661.0,,16.008821849245145,75.06867381136422,99.02682511493978
662,662.0,,16.009450524175396,75.06934021955028,99.80037933895272
663,663.0,,16.010079280453326,75.07000581947769,99.74492245445792
664,664.0,,16.010706727064633,75.0706658676644,99.21996341078275
665,665.0,,16.01131023799836,75.07134988833835,99.23884774372841
666,666.0,,16.011863195871268,75.07207926300272,99.28620671633466
667,667.0,,16.012378262548562,75.0728375508742,99.24067697718468
668,668.0,,16.01287323983116,75.07360849328448,99.0901413316898
669,669.0,,16.013418971289628,75.07434012814412,98.98085898335981
670,670.0,,16.013990239527885,75.07505672332243,99.50402927521884
671,671.0,,16.014568438999486,75.075771843077,99.87690910346409
672,672.0,,16.01514549276135,75.07648810833429,99.88857840396976
673,673.0,,16.01572033429911,75.07720295444696,99.6141908026
674,674.0,,16.01629765484457,75.0779184217149,99.84196161942607
675,675.0,,16.016879243405967,75.07863084440145,99.89935241563728
676,676.0,,16.017439826993844,75.07935738347773,99.57532574655484
677,677.0,,16.017990365747156,75.08008530630691,98.99597592529537
678,678.0,,16.01854755425787,75.08081841186362,99.888645930319
679,679.0,,16.01910605224633,75.08155324772294,100.12384703731047
680,680.0,,16.019673153970487,75.08227732608066,99.82594565329602
681,681.0,,16.02023960871853,75.0829925279054,99.04637335717686
682,682.0,,16.020795267014368,75.0837178557421,99.13111820511708
683,683.0,,16.021363910976774,75.08443467739603,99.33448208602891
684,684.0,,16.021914505788327,75.0851720282093,99.79240790879402
685,685.0,,16.022396488866228,75.08595384907319,99.26826341295863
686,686.0,,16.022805775003782,75.08677934159431,99.27145386331982
687,687.0,,16.023196720511905,75.08761195728262,99.03651270790695
688,688.0,,16.02359451013738,75.08844791961333,99.6931685820026
689,689.0,,16.02398529556641,75.08928042408135,99.01770374493532
690,690.0,,16.024378174122617,75.09011646554993,99.45936544551748
691,691.0,,16.024774403475387,75.09095429241391,99.79459871199298
692,692.0,,16.025168630433992,75.09178789534056,99.29108685433201
693,693.0,,16.02556191344266,75.09262127673422,99.22338069516442
694,694.0,,16.025954958259504,75.09345993276608,99.71793759037598
695,695.0,,16.026311121772434,75.0943118559736,99.28833699882038
696,696.0,,16.026491532297698,75.09522375884994,99.50128924807838
697,697.0,,16.026511716012156,75.09615037889799,99.05631101143851
698,698.0,,16.02651160905725,75.09708079744105,99.4368359647798
699,699.0,,16.026517758140994,75.09801506000183,99.84999741995792
700,700.0,,16.026520550550668,75.09894607645619,99.50121670245245
701,701.0,,16.0265456243622,75.09987350702025,99.15669491255301
702,702.0,,16.026612693427154,75.10080189798173,99.49998799799218
703,703.0,,16.02673053158558,75.10172510589057,99.53237877799612
704,704.0,,16.026850147000502,75.10264345632923,99.04407443298994
705,705.0,,16.026972619546164,75.10356173456815,99.07953630725173
706,706.0,,16.02708980197835,75.10448374973822,99.39625708274501
707,707.0,,16.02721927059552,75.10540143946675,99.12710646501704
708,708.0,,16.027367667682693,75.10632289937593,99.85188399249309
709,709.0,,16.02760343269068,75.10721663568705,99.04838267859009
710,710.0,,16.027887145936983,75.10810314701769,99.85799943329651
711,711.0,,16.02817207830059,75.10898539162552,99.46843055087494
712,712.0,,16.02845895399274,75.10986861798722,99.6367365236055
713,713.0,,16.028734233611214,75.11075360210542,99.41002556222035
714,714.0,,16.028989142320416,75.11164391405272,99.28152266245014
715,715.0,,16.029262473514418,75.11253109537337,99.5668750895382
716,716.0,,16.029599001882957,75.11339264796372,99.3890527333431
717,717.0,,16.02998625247853,75.11422656332888,98.97918049956851
718,718.0,,16.030383898081993,75.11505729268647,99.18242183681862
719,719.0,,16.030778905650727,75.11588736199522,98.98861986679178
720,720.0,,16.03118460766727,75.1167154308983,99.33130705109623
721,721.0,,16.031586188776153,75.1175470680485,99.46448552836901
722,722.0,,16.031987432860287,75.11838195452226,99.75797582346034
723,723.0,,16.03238654969229,75.1192120682886,99.195822237612
724,724.0,,16.03278488415632,75.12004020109563,98.96740819523906
725,725.0,,16.033186599627285,75.12086837388466,99.1398907476428
726,726.0,,16.0335882547599,75.12169890821673,99.36208889460208
727,727.0,,16.0340013941658,75.12252419902555,99.44509895547128
728,728.0,,16.034487460860785,75.12330893919317,99.77199502785109
729,729.0,,16.035003940685623,75.1240659507165,99.21268795396922
730,730.0,,16.035521574824376,75.12482865989651,99.78363781105612
731,731.0,,16.036030248992134,75.12559652791977,99.66554416001316
732,732.0,,16.03650535817517,75.1263830637135,99.27894508194483
733,733.0,,16.036981972855344,75.12717506633075,99.86264119315243
734,734.0,,16.03743397456621,75.12797453088794,99.1238631234382
735,735.0,,16.037810379269086,75.12881770750965,99.35407090212594
736,736.0,,16.038172401570378,75.12967095620893,99.6745999773805
737,737.0,,16.038533182930703,75.1305269631812,99.88868123860559
738,738.0,,16.03889396089519,75.1313829732525,99.8886812392676
739,739.0,,16.039283345115283,75.13222347463005,99.7124231427117
740,740.0,,16.039720950033594,75.13303375162846,99.32668947002323
741,741.0,,16.04014625864382,75.13385555244216,99.74646167264916
742,742.0,,16.04049111950282,75.13471788699123,99.81409190960647
743,743.0,,16.040742946738277,75.13560915581473,99.27696136842935
744,744.0,,16.04097546222034,75.13651084969534,99.76826919955236
745,745.0,,16.041201218865854,75.13740965604575,99.27746692489616
746,746.0,,16.04142675001427,75.13831235269521,99.67333347354166
747,747.0,,16.041650465554227,75.13921538307565,99.65715980652502
748,748.0,,16.041879959117164,75.14011080548693,99.0335764150859
749,749.0,,16.042107925266148,75.14101491912069,99.88794427830338
750,750.0,,16.04233203640687,75.14191565297489,99.43022579880999
751,751.0,,16.042570790041413,75.14281161493315,99.35912530438107
752,752.0,,16.04285812735811,75.14368842581031,98.9975780471135
753,753.0,,16.04317675895838,75.14455719829161,99.37162997766193
754,754.0,,16.04339182485433,75.14546427136862,99.84001144092095
755,755.0,,16.043571172449447,75.14638043695173,99.91567051133599
756,756.0,,16.043740340460072,75.14729372087852,99.39343525890605
757,757.0,,16.043815790556714,75.1482200105242,99.34189080114409
758,758.0,,16.043789010779406,75.14914806855428,99.2206512924744
759,759.0,,16.043704958747433,75.15007869218663,99.88835814822845
760,760.0,,16.043607067828283,75.15100092057573,99.15234005036005
761,761.0,,16.043509381770026,75.1519222232831,99.05156384978102
762,762.0,,16.04341350819893,75.15284812677167,99.51852825866173
763,763.0,,16.043327742027635,75.15377331083624,99.32793432392063
764,764.0,,16.043246602264226,75.15470418262238,99.88521808119697
765,765.0,,16.04317878573087,75.15563202981461,99.44005544264559
766,766.0,,16.04309352874185,75.15655954696072,99.57081773041335
767,767.0,,16.043018379830556,75.15748924038407,99.70188361545135
768,768.0,,16.0429447692192,75.15841703899956,99.48592781042338
769,769.0,,16.04285740275896,75.15934189860373,99.31090196814863
770,770.0,,16.042758505123558,75.16026931270014,99.71587724678047
771,771.0,,16.042779092499597,75.16120015381603,99.50022240103317
772,772.0,,16.042843611365083,75.16212393841346,98.98010999109619
773,773.0,,16.042932667399025,75.1630483659032,99.2835146739734
774,774.0,,16.043023517748082,75.16397247734925,99.26997028444788
775,775.0,,16.04312142796416,75.16489553305804,99.24073941048118
776,776.0,,16.04320788600574,75.16581707755005,98.94834461649477
777,777.0,,16.043352021318434,75.16673229572397,99.10857476143997
778,778.0,,16.043555740684663,75.16764005430892,99.6166000135948
779,779.0,,16.043769108750677,75.16854021286647,99.07720925016626
780,780.0,,16.04397684736115,75.16944316176702,99.2190494850821
781,781.0,,16.044169962147734,75.17035635140991,99.92154474054804
782,782.0,,16.044318410357384,75.1712724510457,99.27967397877265
783,783.0,,16.04445840854192,75.17218891790706,99.16646826425965
784,784.0,,16.044644883633097,75.17309981734641,99.52587679024042
785,785.0,,16.044900264938676,75.17399151063988,99.43071917465426
786,786.0,,16.045230985002767,75.17485587955404,99.42053938507878
787,787.0,,16.04562933398795,75.1756939187545,99.91082272644825
788,788.0,,16.046052729164686,75.17651848921612,99.9044174100346
789,789.0,,16.046488826399614,75.17732628133167,99.0105031155227
790,790.0,,16.04691565725223,75.17814053592498,99.11551178873135
791,791.0,,16.047337979372404,75.17896221654036,99.57531998932387
792,792.0,,16.04778830603345,75.17977102712821,99.88863608590809
793,793.0,,16.04823238251607,75.18058114663998,99.66336216943745
794,794.0,,16.048656486623738,75.18140513516171,99.88575001286826
795,795.0,,16.049079310550336,75.18222028861437,98.98661797230056
796,796.0,,16.04947353520158,75.18305255197123,99.1528084297323
797,797.0,,16.049768362349123,75.18393173543502,99.50577553716623
798,798.0,,16.05002385384611,75.18481996219023,99.07693226859902
799,799.0,,16.050266244647176,75.18571249833758,99.11205432794662
800,800.0,,16.050527698823903,75.18660507850701,99.71375386449233
801,801.0,,16.050789687128425,75.18749348154084,99.30414985754575
802,802.0,,16.05104022097556,75.18839115320644,99.88864427127992
803,803.0,,16.051286376271264,75.18928161054305,99.01273167641817
804,804.0,,16.051533723502704,75.19018024112262,99.88867859138529
805,805.0,,16.051761522526206,75.19107646024712,99.06290655961766
806,806.0,,16.05198364871496,75.19198248622298,99.91848541394053
807,807.0,,16.052199160559653,75.19288778759025,99.66395977288245
808,808.0,,16.052498218573234,75.1937623040606,99.19055633067606
809,809.0,,16.05292580557691,75.19457674525928,99.17099587400477
810,810.0,,16.053368159334035,75.19538113892446,99.03513021864546
811,811.0,,16.053919707175684,75.19611061322229,99.18463238138449
812,812.0,,16.054577291206957,75.19674348057286,99.59904129484067
813,813.0,,16.055246636966704,75.19736062809125,99.44109719961959
814,814.0,,16.055918349769577,75.19798131090826,99.88853702084846
815,815.0,,16.0565845551645,75.19860302892702,99.50512561344176
816,816.0,,16.057251193169893,75.199228927354,99.83948598652377
817,817.0,,16.057923761385496,75.19984859690369,99.88742903592909
818,818.0,,16.058584186519617,75.2004781200883,99.58855664097554
819,819.0,,16.059255598148443,75.20109880551261,99.86294480418036
820,820.0,,16.05986774410065,75.20177255913667,99.07756908119795
821,821.0,,16.06040641618292,75.20251340954209,99.27042140192536
822,822.0,,16.06093267457771,75.20327101189069,99.8886592132387
823,823.0,,16.06145893030922,75.20402861824597,99.88865921354733
824,824.0,,16.061985183377338,75.20478622860804,99.88865921090903
825,825.0,,16.062510976559544,75.20554056282255,99.57495228584587
826,826.0,,16.063038751619736,75.20629703002793,99.8886774178278
827,827.0,,16.063566524024306,75.20705350124607,99.88867741769685
828,828.0,,16.06409429377317,75.20780997647711,99.88867741909895
829,829.0,,16.064606536343746,75.20857158727432,99.33309130263832
830,830.0,,16.06514270622513,75.20931106509757,98.98416967233906
831,831.0,,16.065680107559317,75.21005545963851,99.48606676478518
832,832.0,,16.066197554585198,75.2108175296132,99.7055933520079
833,833.0,,16.066725655702978,75.21156392820821,99.04038784564413
834,834.0,,16.06731859420375,75.21226519794469,99.8086119919633
835,835.0,,16.067953642272222,75.21292741027531,99.96535304025534
836,836.0,,16.06859986118248,75.21357677530987,99.88807338937943
837,837.0,,16.069239038852263,75.2142278662844,99.45509019554855
838,838.0,,16.06987790471363,75.21487500258355,99.13496473080991
839,839.0,,16.070486513617748,75.21555943518467,99.6394238243545
840,840.0,,16.07093705294714,75.21635681382855,98.8369208254005
841,841.0,,16.07120525631202,75.21723977898382,98.94562230869747
842,842.0,,16.071409028261428,75.21814921393799,99.77914392065107
843,843.0,,16.07161939371095,75.21905651049416,99.72596095178336
844,844.0,,16.07182243241683,75.2199604716871,99.19086043923735
845,845.0,,16.07202202250229,75.22086654877229,99.3245388377494
846,846.0,,16.072229968730106,75.22177247093626,99.52007723444275
847,847.0,,16.072471179953254,75.22267177296985,99.76233969815083
848,848.0,,16.072760834164765,75.22355422332726,99.63774318862774
849,849.0,,16.073103430336722,75.22441278268391,99.33101770418345
850,850.0,,16.073487961502174,75.22524899346323,99.05162843062557
851,851.0,,16.073907827156646,75.22606501630011,98.90310514222999
852,852.0,,16.07437835309639,75.22685483876006,99.2934107508709
853,853.0,,16.07483990751541,75.22765601840551,99.8100263941933
854,854.0,,16.075256341737944,75.22848386281301,99.84033979059346
855,855.0,,16.075675635611006,75.22930989724101,99.81700981860317
856,856.0,,16.07609181255611,75.23013839580712,99.888681582195
857,857.0,,16.076507986313477,75.23096689784175,99.88868158244244
858,858.0,,16.076924156883,75.23179540334498,99.88868158011036
859,859.0,,16.07734032426458,75.23262391231692,99.88868158345552
860,860.0,,16.077756488458128,75.23345242475763,99.88868158226241
861,861.0,,16.07817718348006,75.23426800061159,98.90294077352726
862,862.0,,16.078607780747515,75.23508056995703,99.14688747848095
863,863.0,,16.07905112502998,75.23589181382502,99.71580449319009
864,864.0,,16.079498970596173,75.23669855387116,99.54706893288385
865,865.0,,16.079948065772736,75.23750319708131,99.42269323322635
866,866.0,,16.080401595594548,75.23830905017455,99.78263473603411
867,867.0,,16.08086680065074,75.23910306750683,99.36297769589544
868,868.0,,16.08143619200619,75.23982384435477,99.69566208312044
869,869.0,,16.082099856509778,75.24044091940192,98.95806941698983
870,870.0,,16.082803502025204,75.2410098130095,99.07715845745949
871,871.0,,16.083507361176277,75.2415827247143,99.35968759873471
872,872.0,,16.084213562425205,75.24214890834527,99.12450796326935
873,873.0,,16.08492365060628,75.24272155663796,99.88868084262604
874,874.0,,16.08563373726368,75.24329420902353,99.88868084185718
875,875.0,,16.086343822397335,75.2438668655022,99.8886808424879
876,876.0,,16.087048493829403,75.24443425304563,99.06793149136702
877,877.0,,16.08776213343639,75.24500210643248,99.8886148859124
878,878.0,,16.08845913016591,75.24558342457719,99.3179583144932
879,879.0,,16.089095364392307,75.24623321184859,99.11898021159779
880,880.0,,16.089696343945725,75.24691876755703,99.14858318013465
881,881.0,,16.090287139991357,75.24761630444537,99.34537116200774
882,882.0,,16.090870412130517,75.24831934746612,99.23847639436495
883,883.0,,16.09146101425177,75.24902382943836,99.88868156774893
884,884.0,,16.092056410338973,75.24971802433221,99.41720186914532
885,885.0,,16.092641794739457,75.25041741664863,99.09720503038452
886,886.0,,16.093202978602267,75.2511393874064,99.214176206047
887,887.0,,16.093610086091868,75.25196574948508,99.21537018294332
888,888.0,,16.09387623548162,75.25285478340396,99.48558377183386
889,889.0,,16.094119644500182,75.25375425192931,99.83536738184137
890,890.0,,16.09449045591082,75.25459956207744,99.27763716300176
891,891.0,,16.095003357223455,75.25535647071798,98.95396666139982
892,892.0,,16.09556118706284,75.25607899828364,99.02568360494266
893,893.0,,16.096111138358992,75.25681405833627,99.53211197216375
894,894.0,,16.096661111139735,75.25754473245054,99.16412612751127
895,895.0,,16.097149433545678,75.25831970973036,99.01210085553959
896,896.0,,16.097547145548884,75.25915245002159,99.35123048877831
897,897.0,,16.097947613348683,75.25998198581222,99.18182201480916
898,898.0,,16.098449774652536,75.26075033817354,99.27783597334803
899,899.0,,16.099023626663627,75.26146862040345,99.80107503244454
900,900.0,,16.099674073043385,75.26210346345286,99.15162371687168
901,901.0,,16.10033622539425,75.26273476676573,99.84909426922232
902,902.0,,16.101002511366673,75.26334987843025,99.03215455614088
903,903.0,,16.10166295526767,75.26397562069084,99.30789434512258
904,904.0,,16.102322864331494,75.26460579711117,99.5834143194439
905,905.0,,16.10296666746224,75.26525154218432,99.4179164580779
906,906.0,,16.103652632821202,75.26585579923488,99.92609494149745
907,907.0,,16.10434460455529,75.2664482498251,99.63069183508286
908,908.0,,16.105041105881092,75.26702630535019,99.05405859328393
909,909.0,,16.105731246584973,75.26761850125015,99.45594524102252
910,910.0,,16.106424238714798,75.26820911454178,99.59345841289155
911,911.0,,16.10712181903368,75.26878830484654,99.22304350651942
912,912.0,,16.107790788282728,75.26940111305316,99.09133045039573
913,913.0,,16.108404198764145,75.27007654085054,99.29135496393138
914,914.0,,16.108989347792516,75.27077624109164,99.10018482044183
915,915.0,,16.109562515978165,75.27148515526828,98.98154809597472
916,916.0,,16.110140709865444,75.27219501776861,99.41938077314616
917,917.0,,16.110669012939574,75.27295032768512,99.80753542044819
918,918.0,,16.111154527327585,75.27372663083963,98.95499162973941
919,919.0,,16.11161003684528,75.27453062954847,99.71171874916509
920,920.0,,16.112061927264538,75.27532898742228,98.9880771288258
921,921.0,,16.112482921766574,75.27615150407888,99.55920990508862
922,922.0,,16.11287368772892,75.27698830867647,99.3939832517084
923,923.0,,16.113196113297654,75.27785393188213,99.17857609005476
924,924.0,,16.11350026288748,75.27872593134143,99.10204046848911
925,925.0,,16.113818480400692,75.27959506687048,99.36063918218389
926,926.0,,16.114173933034497,75.28044585294496,99.10853938437236
927,927.0,,16.114564167488695,75.28128060439903,99.17020957608601
928,928.0,,16.114957457309742,75.28211892674969,99.66181183057888
929,929.0,,16.115345894758015,75.28295977759055,99.66943338913882
930,930.0,,16.115691284142077,75.2838155105793,99.15397483560797
931,931.0,,16.1159486624085,75.2847098860634,99.7361909817841
932,932.0,,16.116140917262864,75.2856207235603,99.62109967303736
933,933.0,,16.11632777289528,75.28652600801844,98.91385683012835
934,934.0,,16.116514645520766,75.2874335275429,99.14761030986527
935,935.0,,16.116705960414293,75.28834684116094,99.85687527794808
936,936.0,,16.116897871682568,75.28926046081665,99.90286914008448
937,937.0,,16.117080929955932,75.29017080996175,99.35515847260234
938,938.0,,16.11727863507417,75.29108033851851,99.61597933980627
939,939.0,,16.117539654546967,75.29197461140195,99.841905425071
940,940.0,,16.117834818912815,75.29285650591882,99.76120024825363
941,941.0,,16.118127084503612,75.29373999855841,99.81688982761561
942,942.0,,16.118421567053595,75.29462149179604,99.6955309325012
943,943.0,,16.118714860826657,75.2955046437394,99.81950941782706
944,944.0,,16.11900485672475,75.29638285844506,99.20125147976333
945,945.0,,16.1192930696959,75.29726552554835,99.58705778781743
946,946.0,,16.1195894657726,75.2981446305421,99.52433465678685
947,947.0,,16.11989586417163,75.29902381402424,99.90590510216049
948,948.0,,16.120202579014524,75.29990129055459,99.74640222584232
949,949.0,,16.120527203000016,75.30076905961879,99.47758922494873
950,950.0,,16.120886172180835,75.3016254995925,99.81558747490232
951,951.0,,16.121249197747098,75.30248035664955,99.84198306067826
952,952.0,,16.12156211166985,75.30334827968593,99.02748599906111
953,953.0,,16.121871072820934,75.30422196141693,99.45083016128659
954,954.0,,16.122221807117022,75.30507320014465,98.94152250943043
955,955.0,,16.12261745621269,75.30591212204045,99.83158678477216
956,956.0,,16.123052661743294,75.30673046377674,99.91740068674397
957,957.0,,16.12350780781763,75.30752689040692,98.99074372699233
958,958.0,,16.124001246682603,75.30830664714381,99.74186196107388
959,959.0,,16.12450400768947,75.30907652473189,99.4411453795941
960,960.0,,16.125005241024645,75.30984528775073,99.24703916934477
961,961.0,,16.125510296638932,75.31061729794465,99.77267364370472
962,962.0,,16.126015428806003,75.31138961753359,99.80460875111547
963,963.0,,16.126518163609457,75.31215982177392,99.46767521057227
964,964.0,,16.127021717197955,75.31292670064312,99.22524252649352
965,965.0,,16.12752261525094,75.31369476260328,99.16327721827277
966,966.0,,16.12802307273209,75.31446215708927,99.07659998348667
967,967.0,,16.128527178752538,75.31523075138617,99.41068330223352
968,968.0,,16.129029012921702,75.31599768742562,99.12184067909483
969,969.0,,16.129539778429127,75.31676077838874,99.34686659438782
970,970.0,,16.130100746514916,75.31748173481517,99.10371395755779
971,971.0,,16.130677027540244,75.31819499680101,99.55358999813323
972,972.0,,16.131254076616063,75.31890534376262,99.37045137229838
973,973.0,,16.131841601576195,75.31960268817055,99.07802995839744
974,974.0,,16.132463096982146,75.32027542684514,99.697501817411
975,975.0,,16.13312015254728,75.32090828412356,99.5370150645039
976,976.0,,16.133787619970004,75.32152276050735,99.07830570961237
977,977.0,,16.13445415304988,75.32213962617575,99.16974200302836
978,978.0,,16.135129934241203,75.32274782566833,99.3326098812916
979,979.0,,16.13580899723642,75.32334662391666,98.95680383609258
980,980.0,,16.136460117062718,75.32398138602098,99.19174967283918
981,981.0,,16.137085239898614,75.32464783772818,99.49474005012799
982,982.0,,16.137698762311814,75.32533088131338,99.88478151129091
983,983.0,,16.13828899005697,75.32603662900746,99.94985150865034
984,984.0,,16.13887390480414,75.32673863933644,99.26084747434324
985,985.0,,16.139464378387974,75.32744425072974,99.95648812065538
986,986.0,,16.140066644089064,75.32812947498705,99.2051808939713
987,987.0,,16.140649263679464,75.3288311333083,99.06485501316165
988,988.0,,16.141207256161756,75.32956173745968,99.69696002051643
989,989.0,,16.141769404937094,75.33029224655802,99.9771405502929
990,990.0,,16.14232774790375,75.33102519596373,99.91702324202322
991,991.0,,16.142886220224764,75.33175627059747,99.76898312620386
992,992.0,,16.143442364093765,75.33248104853438,99.081501305591
993,993.0,,16.143982420140972,75.33322381932926,99.5002721360996
994,994.0,,16.144486985306695,75.33399297022615,99.48310603697551
995,995.0,,16.144993871623146,75.33476020492557,99.46002075944433
996,996.0,,16.14549665136923,75.33553402303053,99.78344896118449
997,997.0,,16.146005540738383,75.33629803993692,99.30344015018899
998,998.0,,16.146513625408065,75.33706131940416,99.18755833703236
999,999.0,,16.147022594082415,75.33783140234486,99.84120003311307
1000,1000.0,,16.14752375552255,75.33860064990738,99.2776506504645
1001,1001.0,,16.148013317462173,75.33938312964347,99.7404888002168
1002,1002.0,,16.148495765334037,75.34016715044973,99.4493435767228
1003,1003.0,,16.148976033265964,75.34095235023607,99.42481944023876
1004,1004.0,,16.149456165147615,75.3417335448069,99.05592088580194
1005,1005.0,,16.14993672023949,75.34252179812523,99.7168357650363
1006,1006.0,,16.150424619822296,75.34330117807086,99.36133361623341
1007,1007.0,,16.150903362354136,75.34408754311693,99.43822588925289
1008,1008.0,,16.15129702363477,75.34491938990489,99.0442972331546
1009,1009.0,,16.151587526316852,75.34580336139261,99.78654363727084
1010,1010.0,,16.151888818607237,75.34667680958245,99.12269240241562
1011,1011.0,,16.1522251408172,75.34753989145607,99.4791122412039
1012,1012.0,,16.152566974232926,75.34839767999456,99.1885269342504
1013,1013.0,,16.152904799962304,75.34925805652234,99.27426832908458
1014,1014.0,,16.153158421489273,75.3501485408237,99.20139219058902
1015,1015.0,,16.153391924185613,75.35104822947348,99.53733864022938
1016,1016.0,,16.153670961235452,75.35193414441265,99.57742182468446
1017,1017.0,,16.153963337225704,75.35280874640968,98.90745347982654
1018,1018.0,,16.15416287706831,75.35371882174623,99.70049471437144
1019,1019.0,,16.15429461000429,75.35463798136738,99.25721816041803
1020,1020.0,,16.154442342878855,75.3555540247294,99.20700881357666
1021,1021.0,,16.154598876681423,75.35646638671685,98.98658080750023
1022,1022.0,,16.154704832476934,75.35738702591411,99.03156298453752
1023,1023.0,,16.154746782437257,75.35832050322216,99.8084206445358
1024,1024.0,,16.154755893703115,75.359250899473,99.37544033947674
1025,1025.0,,16.154758497366853,75.36017873786436,99.09750553067124
1026,1026.0,,16.154850370399895,75.36110181270686,99.11616499313953
1027,1027.0,,16.15519026807092,75.36195537636684,98.68813579433962
1028,1028.0,,16.1556093275668,75.3627758383298,99.2475102742132
1029,1029.0,,16.155698927048334,75.36370459611163,99.69390827610849
1030,1030.0,,16.156087228338276,75.36453039162224,98.19951886494506
1031,1031.0,,16.156772579659034,75.36511752612459,98.69083616379999
1032,1032.0,,16.157491963350687,75.36566601541716,99.14807298498238
1033,1033.0,,16.158039897584583,75.36639102235308,98.52905845987064
1034,1034.0,,16.158618536386825,75.36708500767509,98.15047812284732
1035,1035.0,,16.159457999355173,75.36739926496256,99.19476247195209
1036,1036.0,,16.160301309720015,75.367709088905,99.43883669088021
1037,1037.0,,16.161065494493997,75.36819561418645,99.60160004596978
1038,1038.0,,16.161878254786938,75.36858470215337,99.47066293707917
1039,1039.0,,16.162172664943505,75.36929035400038,82.16699380622782
1040,1040.0,,16.16160340160245,75.36998013368893,97.12812234545545
1041,1041.0,,16.160976558994864,75.37064576596484,99.55962302738769
1042,1042.0,,16.160705674682667,75.37151450012928,97.54848059981082
1043,1043.0,,16.1609719938962,75.37238064449606,97.12947649394887
1044,1044.0,,16.16158337413225,75.3730541124983,98.97009172367497
1045,1045.0,,16.162252748642423,75.37366716106612,99.13022933410855
1046,1046.0,,16.16294485382984,75.37425400542327,99.25108407004706
1047,1047.0,,16.163445702289465,75.37501761845911,98.75511686505948
1048,1048.0,,16.163758964043808,75.37588924423902,99.39285780286274
1049,1049.0,,16.164047368790694,75.37677540123616,99.92667519687465
1050,1050.0,,16.164344667993255,75.37765763959287,99.85331918199184
1051,1051.0,,16.164617119080596,75.37854197971315,99.18651748132521
1052,1052.0,,16.164727272045344,75.37945882117201,98.68075497620475
1053,1053.0,,16.1647772002282,75.38038681572127,99.2641253179622
1054,1054.0,,16.164927932698042,75.38130806395651,99.80560597558838
1055,1055.0,,16.165186382865933,75.38219925944483,99.42253653124006
1056,1056.0,,16.165473578638796,75.3830796866465,99.30334467150888
1057,1057.0,,16.165737426940385,75.38396575877985,99.07468742490883
1058,1058.0,,16.165927333832244,75.38487721271164,99.60582756790588
1059,1059.0,,16.166030206638883,75.38579822015676,99.02483372802303
1060,1060.0,,16.166131417035206,75.38672755750713,99.88750341646023
1061,1061.0,,16.166240933663467,75.3876505130478,99.31926597815348
1062,1062.0,,16.166343339605703,75.38857972045892,99.88867638733086
1063,1063.0,,16.166441047681808,75.38950464138088,99.37536903647603
1064,1064.0,,16.166535143145705,75.39043480179559,99.88867730049509
1065,1065.0,,16.166631921569575,75.39136036115745,99.43180867956768
1066,1066.0,,16.166728519900854,75.39228143906858,98.95380061366717
1067,1067.0,,16.16683215808194,75.39321033213676,99.8707984227757
1068,1068.0,,16.166932181689567,75.3941374435181,99.63607529138447
1069,1069.0,,16.16702964880002,75.39506722941313,99.88863516340608
1070,1070.0,,16.167129174017013,75.3959912791485,99.30485974443346
1071,1071.0,,16.16723659205376,75.39691987683892,99.88864896148007
1072,1072.0,,16.16734400606571,75.39784847553875,99.88864896276462
1073,1073.0,,16.167446958822605,75.39876863144224,98.93482858473857
1074,1074.0,,16.16754754937001,75.39969092919353,99.13200879939299
1075,1075.0,,16.167647841535352,75.4006167440898,99.50146700344882
1076,1076.0,,16.167745167193907,75.40154654787767,99.8884720659214
1077,1077.0,,16.167844496145243,75.40247009054782,99.24825805613979
1078,1078.0,,16.167947768159195,75.4033967948728,99.63335464293405
1079,1079.0,,16.168051300717472,75.40432587425555,99.88860121864231
1080,1080.0,,16.168165889988572,75.40524685737304,99.1801438694556
1081,1081.0,,16.168295816844974,75.40617233593535,99.88860149840708
1082,1082.0,,16.16842573970333,75.40709781571454,99.8886014957014
1083,1083.0,,16.168555658563623,75.40802329671061,99.88860149753921
1084,1084.0,,16.16868557342579,75.40894877892352,99.88860149572648
1085,1085.0,,16.1687638291118,75.40987162542932,98.94035474045481
1086,1086.0,,16.168835362053347,75.41080397183534,99.8886799543297
1087,1087.0,,16.168926455461932,75.41172633865683,99.02506704873939
1088,1088.0,,16.169031009031837,75.41265529870591,99.88860337867628
1089,1089.0,,16.16912599134042,75.41358345697924,99.68513913269588
1090,1090.0,,16.16922967660371,75.41450950773981,99.56869447693408
1091,1091.0,,16.169339784053008,75.4154347388046,99.56697784985742
1092,1092.0,,16.16944695038815,75.41636337779653,99.88858412039315
1093,1093.0,,16.16955411269764,75.41729201779565,99.88858411720372
1094,1094.0,,16.16966127098145,75.41822065880197,99.88858411872475
1095,1095.0,,16.169762274630497,75.41914744063115,99.61191957607419
1096,1096.0,,16.169861624198315,75.42007701620264,99.8878251311971
1097,1097.0,,16.169966342824488,75.42099811269374,99.05625147167385
1098,1098.0,,16.170072902231574,75.42192683123913,99.88867951003704
1099,1099.0,,16.17018057563154,75.42284936164423,99.24732171947332
1100,1100.0,,16.17028897134226,75.42377784372013,99.88792940617756
1101,1101.0,,16.17039861525064,75.42470022352983,99.25792388045227
1102,1102.0,,16.17051261662096,75.4256278106571,99.87014359139214
1103,1103.0,,16.170638330315917,75.42655392920364,99.88843314421928
1104,1104.0,,16.1707767681887,75.42747188957203,99.235370162198
1105,1105.0,,16.170940485124103,75.42839155090876,99.88861240619858
1106,1106.0,,16.171106490451958,75.42930631210754,99.4209584532142
1107,1107.0,,16.1712710502754,75.4302258123714,99.88866394158954
1108,1108.0,,16.17143403217798,75.43113775393977,99.06287249606363
1109,1109.0,,16.171591879502706,75.4320585291282,99.88850923102696
1110,1110.0,,16.171751455182683,75.43297561499274,99.53466491466095
1111,1111.0,,16.171923154003473,75.43389370075111,99.88852700586784
1112,1112.0,,16.172093732158782,75.43480781428316,99.44824175231506
1113,1113.0,,16.172255098621495,75.43572793009236,99.88841273524409
1114,1114.0,,16.172407727547565,75.43664464445966,99.36045428365543
1115,1115.0,,16.172544880116153,75.43756901254177,99.88866549822325
1116,1116.0,,16.172689479721832,75.43848834497064,99.48762289373136
1117,1117.0,,16.17283876386541,75.43941066964645,99.88816082057492
1118,1118.0,,16.17298804403716,75.44033299571613,99.88816082268336
1119,1119.0,,16.173135191010214,75.44125252914591,99.5547496483209
1120,1120.0,,16.173276973692406,75.4421761415767,99.88851652731995
1121,1121.0,,16.173418752391576,75.44309975533321,99.88851653092867
1122,1122.0,,16.17356707563445,75.44401630794522,99.26219523936084
1123,1123.0,,16.173788193949292,75.44492302787265,99.90506016836169
1124,1124.0,,16.174027014017618,75.445818832429,99.28379138797926
1125,1125.0,,16.174297066721202,75.44670775339479,99.56729448254475
1126,1126.0,,16.17462860510714,75.44757579565935,99.76271312436629
1127,1127.0,,16.175140279356174,75.44833563653602,99.10487236507686
1128,1128.0,,16.17573011233031,75.44903321316261,99.25365049163095
1129,1129.0,,16.17627282248973,75.4497680478466,98.99517516566672
1130,1130.0,,16.176748814841496,75.45055810166468,99.5990462295697
1131,1131.0,,16.17722963007604,75.45134205040412,99.3347885817674
1132,1132.0,,16.177758680212378,75.45209169285282,99.34599425841968
1133,1133.0,,16.178286395833844,75.4528486435766,99.88856397644301
1134,1134.0,,16.17881410877928,75.45360559834565,99.88856397630293
1135,1135.0,,16.17931262713657,75.45437865735235,99.43968605336313
1136,1136.0,,16.17967996534787,75.45522424323353,99.10929868740128
1137,1137.0,,16.180007398179733,75.45609440727289,99.80350491957138
1138,1138.0,,16.18033113257889,75.4569601751431,99.21644759913028
1139,1139.0,,16.180639722867532,75.45783636665935,99.66216760919852
1140,1140.0,,16.18089437851734,75.45872497860553,99.02973473328663
1141,1141.0,,16.181126120859037,75.45962355251005,99.35845972638201
1142,1142.0,,16.181490024501546,75.46047432445503,99.45741292935179
1143,1143.0,,16.18196898397203,75.46126140541013,99.50456518538985
1144,1144.0,,16.18245090799132,75.46205078860861,99.88861078682531
1145,1145.0,,16.182933026394405,75.46283099598868,99.0745900657753
1146,1146.0,,16.18337414006986,75.46363770414307,99.1324951896259
1147,1147.0,,16.18379435576208,75.46446045548625,99.51269556293987
1148,1148.0,,16.184223724972536,75.4652820786695,99.88864527262868
1149,1149.0,,16.184650291426077,75.46609737994584,99.14653355267588
1150,1150.0,,16.185085211833602,75.46691583508441,99.88866215345915
1151,1151.0,,16.185512784490694,75.46773357239408,99.42816722470754
1152,1152.0,,16.185981374500198,75.46852891842886,99.64201143931153
1153,1153.0,,16.18652202345489,75.46927445959443,99.7624019317455
1154,1154.0,,16.18712483276319,75.46996103285639,99.33942158321756
1155,1155.0,,16.187750701503642,75.47062651533918,99.46568726116065
1156,1156.0,,16.188433838701094,75.47123393366803,99.887237378593
1157,1157.0,,16.189102922906283,75.47185730815843,99.8319594247675
1158,1158.0,,16.189705205475864,75.47254436166537,99.3370728074453
1159,1159.0,,16.190213926328475,75.47330500347393,98.98179386446512
1160,1160.0,,16.190683068517387,75.47409868583347,99.52107127938994
1161,1161.0,,16.191123938104614,75.47490762671754,99.32341649676545
1162,1162.0,,16.191562613393,75.47572393210716,99.8885779724535
1163,1163.0,,16.192004851302922,75.4765285796326,99.00009794795312
1164,1164.0,,16.19246445165643,75.47732372037379,99.10178496943696
1165,1165.0,,16.19297945004801,75.47808778075205,99.68000757220652
1166,1166.0,,16.193503104984746,75.47884784265753,99.88867964583909
1167,1167.0,,16.19402675722116,75.47960790859766,99.88867964754506
1168,1168.0,,16.19454626269263,75.4803697515075,99.7750760748444
1169,1169.0,,16.19505933348795,75.48113760342619,99.88839006621245
1170,1170.0,,16.195572401527073,75.48190545933886,99.88839006376568
1171,1171.0,,16.196085466809883,75.4826733192457,99.8883900666555
1172,1172.0,,16.196600361960666,75.48344077069619,99.96880814595931
1173,1173.0,,16.197103097629146,75.48421297588669,99.62022101013541
1174,1174.0,,16.197606956598804,75.4849765345369,98.92787009583516
1175,1175.0,,16.198116012034294,75.48574367914615,99.57086313004243
1176,1176.0,,16.19862694432666,75.4865131112373,99.8902855347045
1177,1177.0,,16.199094765695154,75.48730379680946,99.16850489104864
1178,1178.0,,16.199362922186,75.48818440156762,98.64557715187205
1179,1179.0,,16.199433654034305,75.4891083408652,98.97134390142416
1180,1180.0,,16.19945326427682,75.49004423253645,99.95838125444985
1181,1181.0,,16.19961743916711,75.49095580569559,99.03489597781271
1182,1182.0,,16.199858809903873,75.49185057934957,99.24199252320379
1183,1183.0,,16.200058266744428,75.4927602824628,99.63767410437227
1184,1184.0,,16.200006856400027,75.49368387750843,98.7868061688413
1185,1185.0,,16.19967367996234,75.49454003328182,98.6416402524554
1186,1186.0,,16.19919083467868,75.49531906057759,99.00651084758302
1187,1187.0,,16.198708899793175,75.49610568818173,99.63504008135898
1188,1188.0,,16.19831863396858,75.49693889650865,98.98950531710972
1189,1189.0,,16.198195091006323,75.49785572196983,98.85841454833302
1190,1190.0,,16.198293549188698,75.4987767213397,98.95249903436671
1191,1191.0,,16.198400691997822,75.49969699417838,98.98692448037707
1192,1192.0,,16.198386543396804,75.50062254378251,98.8433148084367
1193,1193.0,,16.198193229457253,75.50153337495152,99.6062742853349
1194,1194.0,,16.197878797356186,75.50240327870317,99.2512311376507
1195,1195.0,,16.19755504603971,75.5032722863315,99.53191514466049
1196,1196.0,,16.197221933283313,75.50414103415515,99.8875042813557
1197,1197.0,,16.196911276991056,75.50501053461667,99.06417495714008
1198,1198.0,,16.19672185525839,75.50591378403,98.72338171674153
1199,1199.0,,16.196744002840937,75.50684541028029,99.51097751751122
1200,1200.0,,16.19698753016747,75.50774327006364,99.62554641214363
1201,1201.0,,16.19742610850858,75.50855676259825,99.61903694665001
1202,1202.0,,16.197945704962496,75.50931150927478,99.1629740736645
1203,1203.0,,16.198484312488976,75.510058121746,99.71335828806545
1204,1204.0,,16.19911450545132,75.51071858831538,99.41913610842363
1205,1205.0,,16.199890333824463,75.51119027145026,99.89478491293549
1206,1206.0,,16.200684132769094,75.51162819444673,99.88781270343824
1207,1207.0,,16.20146800404164,75.51207343641308,99.28544736657557
1208,1208.0,,16.202256494498982,75.51251058908262,99.32773809241446
1209,1209.0,,16.20304689726482,75.51294770929539,99.51377052081486
1210,1210.0,,16.20382927273627,75.51340235052886,99.62437323921064
1211,1211.0,,16.2044712741718,75.51404239938489,98.82758182872503
1212,1212.0,,16.20479445653087,75.51490127229405,98.49766907801614
1213,1213.0,,16.20474113355376,75.51582603666327,98.92160962245256
1214,1214.0,,16.204450580576914,75.51671020687559,99.78439221872968
1215,1215.0,,16.204147636817755,75.51759122753934,99.92242336158485
1216,1216.0,,16.203840891172185,75.51846695705429,99.53491345927573
1217,1217.0,,16.203534228696054,75.51934230754935,99.49386064876742
1218,1218.0,,16.203237948650116,75.52022563179318,99.90766048419437
1219,1219.0,,16.2030581794975,75.52113558562641,99.19803202476685
1220,1220.0,,16.203020661142823,75.52206903430874,99.75918412160773
1221,1221.0,,16.20301684453719,75.52300062237055,99.4741563043923
1222,1222.0,,16.203013011720678,75.52393517185696,99.79037849900841
1223,1223.0,,16.203007000989253,75.52487026844904,99.85012674466353
1224,1224.0,,16.202961841498578,75.5257965322728,99.03214767674777
1225,1225.0,,16.202713213369112,75.52669183642806,99.51624202920252
1226,1226.0,,16.202345844471782,75.52754019999715,99.37140495324441
1227,1227.0,,16.201976320718263,75.5283929123357,99.89336773270693
1228,1228.0,,16.201612216141783,75.52923945192903,99.04527392455047
1229,1229.0,,16.20124603489011,75.5300848225323,99.02624476724677
1230,1230.0,,16.20087925883021,75.5309360394686,99.62283998988629
1231,1231.0,,16.200510694244958,75.53178440054276,99.42665879971565
1232,1232.0,,16.20014493748546,75.53263607828404,99.62171865945943
1233,1233.0,,16.199773604855924,75.53348545850557,99.65326301825563
1234,1234.0,,16.19940745071138,75.534339682126,99.88825657702951
1235,1235.0,,16.199045697434617,75.53519104314509,99.41034698440839
1236,1236.0,,16.198684719018,75.53604289661504,99.42377294436682
1237,1237.0,,16.198324001268823,75.5368941238373,99.35104420902815
1238,1238.0,,16.19796260077219,75.53774333775245,99.18528523466993
1239,1239.0,,16.197602333794098,75.53859885258068,99.75024493929513
1240,1240.0,,16.197240659713234,75.53945082037917,99.4668019134509
1241,1241.0,,16.196895718447735,75.54031259125655,99.6947335336172
1242,1242.0,,16.196566578260658,75.54118349159863,99.93867923821279
1243,1243.0,,16.196242150129578,75.54204758097949,99.07042780867978
1244,1244.0,,16.19591616357836,75.54291925727517,99.88828532467831
1245,1245.0,,16.19559946432172,75.54379501585721,99.92615756288639
1246,1246.0,,16.195293131432045,75.54466975214868,99.42335662751215
1247,1247.0,,16.194983211502553,75.5455400532358,99.11665882692944
1248,1248.0,,16.194672679024283,75.54641201685999,99.30693166515447
1249,1249.0,,16.194360785366104,75.54728701002603,99.66301862793786
1250,1250.0,,16.194050049351095,75.54816063586229,99.48150555102808
1251,1251.0,,16.19374474801056,75.54904013302459,99.8627603674571
1252,1252.0,,16.19351892799513,75.54993884722981,99.19826619398343
1253,1253.0,,16.19334910198682,75.55085179056876,99.29924405049661
1254,1254.0,,16.193174439492505,75.55176898663372,99.84840994929897
1255,1255.0,,16.19300806007641,75.55268358725186,99.40111459419825
1256,1256.0,,16.193008936531452,75.55360874872568,98.79209366323904
1257,1257.0,,16.193061518408346,75.55454228004798,99.85711350815706
1258,1258.0,,16.19312561437931,75.55547028524971,99.35163460338468
1259,1259.0,,16.193191594746107,75.55639515262408,99.03270265328105
1260,1260.0,,16.19325221570162,75.55732416862568,99.43228685634614
1261,1261.0,,16.19329446022069,75.55825465864908,99.47188813098005
1262,1262.0,,16.193340912935316,75.55918548102996,99.53050327917751
1263,1263.0,,16.1933898400904,75.56011485660652,99.39087426796523
1264,1264.0,,16.193448101894788,75.56104732629849,99.7827644601359
1265,1265.0,,16.193601990415633,75.56195950289596,98.89683688338562
1266,1266.0,,16.193795837654807,75.56286693780694,99.2672568371479
1267,1267.0,,16.193857100087335,75.56379450445189,99.28244193611431
1268,1268.0,,16.19383439821488,75.56472629153318,99.5311459044565
1269,1269.0,,16.19386376756734,75.56565835723846,99.58244277263539
1270,1270.0,,16.194002172370766,75.56657678237399,99.27243700104388
1271,1271.0,,16.19405730003625,75.5675016067017,98.94559681099558
1272,1272.0,,16.193958444147526,75.56842639276515,99.36136308789328
1273,1273.0,,16.193775722509738,75.56933573827752,99.2056020297333
1274,1274.0,,16.193594379477265,75.57024367969127,99.02761042934605
1275,1275.0,,16.19340757822248,75.57115180403318,99.17216473067414
1276,1276.0,,16.19318301272948,75.57205725162929,99.85921482131855
1277,1277.0,,16.19286742521183,75.57292931857573,99.51489162744902
1278,1278.0,,16.192549932405058,75.57380375419423,99.82648613432451
1279,1279.0,,16.192321657225335,75.57470040867913,99.05566778589223
1280,1280.0,,16.192112748498786,75.57560745683725,99.6048718676789
1281,1281.0,,16.191910293716735,75.57651604784013,99.60053237748379
1282,1282.0,,16.191701656842067,75.57741913969065,99.1872209787388
1283,1283.0,,16.19148887743772,75.57832527641524,99.61187935668616
1284,1284.0,,16.191281328170934,75.57923502211531,99.85035693941019
1285,1285.0,,16.191071490768405,75.58013674383696,99.07662867323045
1286,1286.0,,16.19088540350331,75.58105027540239,99.72154834206366
1287,1287.0,,16.190746390584824,75.58196641441356,99.04333361396702
1288,1288.0,,16.19061369489848,75.58289149520836,99.88047367979922
1289,1289.0,,16.190475533339114,75.58380895279598,99.1678379090129
1290,1290.0,,16.19033354583012,75.5847322282249,99.84809634261264
1291,1291.0,,16.190107886646956,75.58563473176586,99.586882974421
1292,1292.0,,16.189853537515177,75.5865266531095,99.35447287154207
1293,1293.0,,16.18961984911901,75.58742118078338,98.99371420546971
1294,1294.0,,16.189473186065847,75.58833553957926,98.99276542785603
1295,1295.0,,16.18933900559156,75.5892575812579,99.58474529777132
1296,1296.0,,16.18925522322962,75.5901814938553,99.09941263403859
1297,1297.0,,16.189261943599764,75.59111462650714,99.64793200925644
1298,1298.0,,16.189270143428587,75.59204574659412,99.43439377182344
1299,1299.0,,16.189264372454495,75.59297846157396,99.60259145245598
1300,1300.0,,16.189221079686735,75.59390803112738,99.38131012370437
1301,1301.0,,16.189166863559326,75.59483257670954,98.91207417528341
1302,1302.0,,16.189103136224475,75.59576202613164,99.50451526730741
1303,1303.0,,16.188957099530842,75.5966817283933,99.54448613473042
1304,1304.0,,16.18879836840704,75.59759921822277,99.552022231313
1305,1305.0,,16.188636046842355,75.59851688592218,99.64233828039193
1306,1306.0,,16.1884731465337,75.59943676612438,99.88643261959966
1307,1307.0,,16.188261096832445,75.60034217728082,99.51889986496346
1308,1308.0,,16.18804331372469,75.60124189215227,99.08202654166243
1309,1309.0,,16.187824296135727,75.6021457691982,99.54666584411699
1310,1310.0,,16.18763025230323,75.60305189683568,99.13861075746279
1311,1311.0,,16.187466664130476,75.60396898391006,99.60755615311633
1312,1312.0,,16.187304574737635,75.60488055783668,98.99838683473752
1313,1313.0,,16.187133273784113,75.60579606052569,99.60182367403677
1314,1314.0,,16.186990383671098,75.60671830821903,99.75731503850179
1315,1315.0,,16.186903355085192,75.60764577006151,99.51237633556148
1316,1316.0,,16.186808460883814,75.60856876485843,99.12695350274281
1317,1317.0,,16.186690600694824,75.60949174915484,99.43015531392699
1318,1318.0,,16.186469837548564,75.61039712303794,99.74988944931061
1319,1319.0,,16.186273494973367,75.61130627570034,99.5103418017949
1320,1320.0,,16.186264595326538,75.61223769384772,99.46847497632206
1321,1321.0,,16.18631263083147,75.6131639276502,99.05403540882264
1322,1322.0,,16.186343563364115,75.61409877000499,99.88841974868559
1323,1323.0,,16.186370193802976,75.61503242691549,99.74654283527505
1324,1324.0,,16.18637910972358,75.61596868712206,99.98548398424086
1325,1325.0,,16.186336937044526,75.61689441780966,98.96732114968553
1326,1326.0,,16.18623506739957,75.61782238435332,99.74026328584922
1327,1327.0,,16.186095927964292,75.61874027061066,99.23210464594924
1328,1328.0,,16.185939145917786,75.61965470116235,99.19360022894439
1329,1329.0,,16.185784747705178,75.62056905155829,99.13900276945536
1330,1330.0,,16.18563414516021,75.62148291963305,99.01609528354413
1331,1331.0,,16.185482055348835,75.62240223212677,99.6171806012769
1332,1332.0,,16.185267333833895,75.62330573318077,99.39311582211766
1333,1333.0,,16.185059504862508,75.62421050952094,99.34434351402342
1334,1334.0,,16.184900935610397,75.62512104869333,98.82031295802209
1335,1335.0,,16.184682769315724,75.62602442273091,99.47294590228452
1336,1336.0,,16.18439203561932,75.62690684850354,99.62375919235323
1337,1337.0,,16.184082337754074,75.62778488773421,99.8881633856633
1338,1338.0,,16.183782773789048,75.62866011254626,99.2222836570813
1339,1339.0,,16.183491908687877,75.62954519919374,99.89771227227486
1340,1340.0,,16.183232896764387,75.63043202096911,98.98521998494608
1341,1341.0,,16.182975216021433,75.63132808646631,99.88761016362942
1342,1342.0,,16.182759808743075,75.63223466834673,99.73198799149748
1343,1343.0,,16.18256040426931,75.63313802665516,98.98422627357823
1344,1344.0,,16.18239096747811,75.63405177807584,99.38106548942885
1345,1345.0,,16.182245136574796,75.63497370679092,99.77864393730417
1346,1346.0,,16.1821110793787,75.63589861141573,99.88855564911302
1347,1347.0,,16.181994100013853,75.63682563598904,99.84738454202483
1348,1348.0,,16.181876338140615,75.63774844717967,99.41277284418003
1349,1349.0,,16.18176940526305,75.6386771724658,99.88844430816806
1350,1350.0,,16.18166246835637,75.63960589674596,99.8884443076487
1351,1351.0,,16.18155620233675,75.6405283636542,99.21614565677304
1352,1352.0,,16.181447378544718,75.64145684653006,99.88815483630604
1353,1353.0,,16.181354010768732,75.64238281858611,99.42793602677236
1354,1354.0,,16.181272857150777,75.64330614718463,99.01422899305217
1355,1355.0,,16.181201908240844,75.64423797081152,99.82162691420244
1356,1356.0,,16.18115174614832,75.64516346516086,98.99078395889514
1357,1357.0,,16.181110093858955,75.64609617760033,99.71198123590948
1358,1358.0,,16.181076008023894,75.64703087390953,99.88816822807873
1359,1359.0,,16.181048135558942,75.64795997244384,99.26685807316272
1360,1360.0,,16.18103359834145,75.64889522378047,99.88861289694734
1361,1361.0,,16.181031507935273,75.64982526763605,99.31970172139488
1362,1362.0,,16.181047988057653,75.65075694274496,99.5105021379914
1363,1363.0,,16.181107778526087,75.65168619170886,99.456981767691
1364,1364.0,,16.181179297231747,75.65261691023423,99.70906314534585
1365,1365.0,,16.18126085934147,75.65354636935855,99.67037010678737
1366,1366.0,,16.18135146893957,75.65447332356962,99.50077132456856
1367,1367.0,,16.181449284288156,75.65540363424546,99.94134736064784
1368,1368.0,,16.181479709381364,75.65633467441235,99.48314968526375
1369,1369.0,,16.1815794219906,75.65726241654872,99.69186533003229
1370,1370.0,,16.18167203594802,75.65818388089149,98.94033106094332
1371,1371.0,,16.181793890240353,75.65910483237545,99.27709230032261
1372,1372.0,,16.181894861613863,75.66002822894028,99.24627574542717
1373,1373.0,,16.18197423786413,75.6609528343734,99.13191421525487
1374,1374.0,,16.182074036871867,75.66187960326424,99.58940180819688
1375,1375.0,,16.182193411758835,75.66279951999165,99.1301354018722
1376,1376.0,,16.18234254498176,75.6637155055402,99.21320688806252
1377,1377.0,,16.18268277884763,75.66455900269088,97.69874202406491
1378,1378.0,,16.183252438296947,75.66527425960815,99.2295867056907
1379,1379.0,,16.183822710615658,75.6659903947576,99.34511034478152
1380,1380.0,,16.18439261616948,75.66671344363625,99.8885157242141
1381,1381.0,,16.184957589993576,75.66743878171677,99.73108801410756
1382,1382.0,,16.18552115874942,75.66816719942135,99.8884581551723
1383,1383.0,,16.18608472502618,75.66889562128515,99.88845815457049
1384,1384.0,,16.18664828882377,75.66962404730832,99.8884581549519
1385,1385.0,,16.187211850142077,75.67035247749104,99.88845815625929
1386,1386.0,,16.1877752222863,75.67107939034697,99.7489466067849
1387,1387.0,,16.188273422167335,75.67184699048195,98.9333254938666
1388,1388.0,,16.18850203168186,75.67273553236997,98.23004352550389
1389,1389.0,,16.188520432366552,75.67367064903151,99.87833140380474
1390,1390.0,,16.188508756669247,75.67460596827695,99.88744075151784
1391,1391.0,,16.188521111059128,75.67554114757823,99.87350729707053
1392,1392.0,,16.188559329299366,75.67647042464954,99.32472497655186
1393,1393.0,,16.18857379624942,75.67739927016137,99.20071692083985
1394,1394.0,,16.188503587490917,75.67833025081748,99.72174561576097
1395,1395.0,,16.188427569203196,75.6792623050885,99.88866837539791
1396,1396.0,,16.18836083836795,75.6801910419752,99.45335109398889
1397,1397.0,,16.188408616549975,75.68111721287013,99.04473975014591
1398,1398.0,,16.188525260291527,75.68203918904734,99.30483517874018
1399,1399.0,,16.188655301865968,75.6829563197934,98.99841163900811
1400,1400.0,,16.18878243108099,75.68387393714771,99.00299644343049
1401,1401.0,,16.188907023846674,75.68479511800841,99.33985619391619
1402,1402.0,,16.189041540695577,75.68571868651418,99.75176604143665
1403,1403.0,,16.18918766511977,75.68663640338909,99.33687489467245
1404,1404.0,,16.189361967960245,75.68754681001103,99.1314569392893
1405,1405.0,,16.189392147050143,75.68848157630212,99.8759108175448
1406,1406.0,,16.189408959756776,75.68940994000626,99.1534294651461
1407,1407.0,,16.1894454876351,75.69033826394673,99.21471958092076
1408,1408.0,,16.189511284548242,75.69127094975195,99.86566289703781
1409,1409.0,,16.18960729175796,75.6921998342222,99.76415893549078
1410,1410.0,,16.189710686456372,75.69312175296847,99.11649700591302
1411,1411.0,,16.189811758444197,75.69404934176607,99.68841478258558
1412,1412.0,,16.189912108875514,75.69497890321968,99.8886804223717
1413,1413.0,,16.189998545200403,75.69590808327715,99.68711464973735
1414,1414.0,,16.19005258871884,75.69684222427863,99.93326612562102
1415,1415.0,,16.19000796957948,75.69776968010073,99.16273459586763
1416,1416.0,,16.189600619356963,75.69859617188035,99.20177124017262
1417,1417.0,,16.18918010226286,75.69941672298698,99.31880844860848
1418,1418.0,,16.188729606344726,75.70022062492546,99.39168615051379
1419,1419.0,,16.188141233710176,75.7009099558999,98.48286852425296
1420,1420.0,,16.187501969697937,75.70154677404774,98.37305134004886
1421,1421.0,,16.187252538759466,75.70243558824427,98.88286360953371
1422,1422.0,,16.186712824763543,75.70315386148991,97.39009691563186
1423,1423.0,,16.186090685098478,75.7034101976447,74.3976222861061
1424,1424.0,Bagalkot Bus Stand,16.1863676,75.7040834,78.20618438439976
